pos	chr	genomicPos	ref_id	strand	ref_kmer	GMM_anova_pvalue	KS_dwell_pvalue	KS_intensity_pvalue	GMM_cov_type	GMM_n_clust	cluster_counts	Anova_delta_logit
0	NA	NA	ref_0000	NA	AATGG	0.005245519399155092	1.6993740039732178e-11	1.4627259309612494e-17	full	2	Modified_rep1:6/49__Modified_rep2:4/41__Unmodified_rep1:41/14__Unmodified_rep2:32/13	-2.9907071055
1	NA	NA	ref_0000	NA	ATGGG	nan	8.820572851659097e-06	0.00013789333950857486	full	1	NC	nan
2	NA	NA	ref_0000	NA	TGGGC	nan	0.014838000312885985	7.275766237834673e-05	full	1	NC	nan
3	NA	NA	ref_0000	NA	GGGCT	nan	0.7170686058500053	0.9283139049939192	full	1	NC	nan
4	NA	NA	ref_0000	NA	GGCTT	nan	0.8151939481590966	0.9695221198459655	full	1	NC	nan
5	NA	NA	ref_0000	NA	GCTTA	nan	0.9988610897488148	0.6475435384552904	full	1	NC	nan
6	NA	NA	ref_0000	NA	CTTAA	nan	0.9861884723418123	0.9968163382856648	full	1	NC	nan
7	NA	NA	ref_0000	NA	TTAAA	nan	0.9611279889382083	0.7193199986470227	full	1	NC	nan
8	NA	NA	ref_0000	NA	TAAAC	nan	0.8151939481590966	0.7193199986470227	full	1	NC	nan
9	NA	NA	ref_0000	NA	AAACT	nan	0.8878066258398902	0.9695221198459655	full	1	NC	nan
10	NA	NA	ref_0000	NA	AACTT	nan	0.3580314285503929	0.8731040957304399	full	1	NC	nan
11	NA	NA	ref_0000	NA	ACTTA	nan	0.2821520155678491	0.8731040957304399	full	1	NC	nan
12	NA	NA	ref_0000	NA	CTTAC	nan	0.7170686058500053	0.9913463618415079	full	1	NC	nan
13	NA	NA	ref_0000	NA	TTACC	nan	0.9315711467658275	0.6475435384552904	full	1	NC	nan
14	NA	NA	ref_0000	NA	TACCA	nan	0.9315711467658275	0.9968163382856648	full	1	NC	nan
15	NA	NA	ref_0000	NA	ACCAA	nan	0.9315711467658275	0.8002888548734872	full	1	NC	nan
16	NA	NA	ref_0000	NA	CCAAA	nan	0.4408987181014762	0.8731040957304399	full	1	NC	nan
17	NA	NA	ref_0000	NA	CAAAG	nan	0.0034141208833490025	2.2816939884357717e-06	full	1	NC	nan
18	NA	NA	ref_0000	NA	AAAGT	nan	4.559778243715553e-08	9.676406511674506e-12	full	1	NC	nan
19	NA	NA	ref_0000	NA	AAGTG	0.020740425888525066	1.1060717554768179e-10	1.6944676500557287e-16	full	2	Modified_rep1:3/52__Modified_rep2:6/39__Unmodified_rep1:42/13__Unmodified_rep2:33/12	-3.205260405
20	NA	NA	ref_0000	NA	AGTGG	nan	3.466952926330152e-05	0.7193199986470227	full	1	NC	nan
21	NA	NA	ref_0000	NA	GTGGT	nan	0.03529231729483449	3.969699135315515e-08	full	1	NC	nan
22	NA	NA	ref_0000	NA	TGGTA	nan	0.8151939481590966	0.8002888548734872	full	1	NC	nan
23	NA	NA	ref_0000	NA	GGTAG	nan	0.4408987181014762	0.7193199986470227	full	1	NC	nan
24	NA	NA	ref_0000	NA	GTAGG	nan	0.2821520155678491	0.9695221198459655	full	1	NC	nan
25	NA	NA	ref_0000	NA	TAGGG	nan	0.5345843814980389	0.9283139049939192	full	1	NC	nan
26	NA	NA	ref_0000	NA	AGGGC	nan	0.6305029190222565	0.8002888548734872	full	1	NC	nan
27	NA	NA	ref_0000	NA	GGGCA	nan	0.15922093156123904	0.1493537189011059	full	1	NC	nan
28	NA	NA	ref_0000	NA	GGCAT	nan	0.8878066258398902	0.8731040957304399	full	1	NC	nan
29	NA	NA	ref_0000	NA	GCATT	nan	0.1150590758108235	0.9283139049939192	full	1	NC	nan
30	NA	NA	ref_0000	NA	CATTA	nan	0.6305029190222565	0.5408859655628487	full	1	NC	nan
31	NA	NA	ref_0000	NA	ATTAT	nan	0.9611279889382083	0.9695221198459655	full	1	NC	nan
32	NA	NA	ref_0000	NA	TTATA	nan	0.07941368913553479	1.22307790689512e-09	full	1	NC	nan
33	NA	NA	ref_0000	NA	TATAA	nan	2.0613919855116256e-06	7.275766237834673e-05	full	1	NC	nan
34	NA	NA	ref_0000	NA	ATAAC	0.015595884855564356	2.0781095052306162e-07	4.142134660696297e-22	full	2	Modified_rep1:6/49__Modified_rep2:8/37__Unmodified_rep1:46/9__Unmodified_rep2:41/4	-3.5411343265
35	NA	NA	ref_0000	NA	TAACC	nan	9.911300323942668e-07	1.3349475913837514e-12	full	1	NC	nan
36	NA	NA	ref_0000	NA	AACCC	nan	0.03529231729483449	7.1550317939478284e-09	full	1	NC	nan
37	NA	NA	ref_0000	NA	ACCCG	nan	0.6305029190222565	0.8731040957304399	full	1	NC	nan
38	NA	NA	ref_0000	NA	CCCGA	nan	0.5345843814980389	0.7193199986470227	full	1	NC	nan
39	NA	NA	ref_0000	NA	CCGAT	nan	0.9861884723418123	0.3580314285503929	full	1	NC	nan
40	NA	NA	ref_0000	NA	CGATG	nan	0.9611279889382083	0.8002888548734872	full	1	NC	nan
41	NA	NA	ref_0000	NA	GATGA	nan	0.1150590758108235	0.9968163382856648	full	1	NC	nan
42	NA	NA	ref_0000	NA	ATGAG	nan	0.9611279889382083	0.8731040957304399	full	1	NC	nan
43	NA	NA	ref_0000	NA	TGAGA	nan	0.9861884723418123	0.8731040957304399	full	1	NC	nan
44	NA	NA	ref_0000	NA	GAGAC	nan	0.21682661962442779	0.27783336226834116	full	1	NC	nan
45	NA	NA	ref_0000	NA	AGACG	nan	0.03529231729483449	2.2816939884357717e-06	full	1	NC	nan
46	NA	NA	ref_0000	NA	GACGT	nan	0.014838000312885985	4.754949668663568e-13	full	1	NC	nan
47	NA	NA	ref_0000	NA	ACGTG	0.005202367722957825	2.2594729653434578e-14	5.292388982686124e-25	full	2	Modified_rep1:4/51__Modified_rep2:4/41__Unmodified_rep1:47/8__Unmodified_rep2:39/6	-3.9434916254999997
48	NA	NA	ref_0000	NA	CGTGT	nan	4.50378660889038e-07	0.0002592488344355605	full	1	NC	nan
49	NA	NA	ref_0000	NA	GTGTT	nan	0.2821520155678491	7.275766237834673e-05	full	1	NC	nan
50	NA	NA	ref_0000	NA	TGTTA	nan	0.9611279889382083	0.8002888548734872	full	1	NC	nan
51	NA	NA	ref_0000	NA	GTTAC	nan	0.9315711467658275	0.7193199986470227	full	1	NC	nan
52	NA	NA	ref_0000	NA	TTACT	nan	0.9611279889382083	0.3580314285503929	full	1	NC	nan
53	NA	NA	ref_0000	NA	TACTC	nan	0.9861884723418123	0.8731040957304399	full	1	NC	nan
54	NA	NA	ref_0000	NA	ACTCC	nan	0.03529231729483449	0.9283139049939192	full	1	NC	nan
55	NA	NA	ref_0000	NA	CTCCT	nan	0.7170686058500053	0.9283139049939192	full	1	NC	nan
56	NA	NA	ref_0000	NA	TCCTC	nan	0.8878066258398902	0.6475435384552904	full	1	NC	nan
57	NA	NA	ref_0000	NA	CCTCA	nan	0.4408987181014762	0.3580314285503929	full	1	NC	nan
58	NA	NA	ref_0000	NA	CTCAA	nan	0.9611279889382083	0.7193199986470227	full	1	NC	nan
59	NA	NA	ref_0000	NA	TCAAA	nan	0.8878066258398902	0.3580314285503929	full	1	NC	nan
60	NA	NA	ref_0000	NA	CAAAG	nan	0.002048612767869504	9.661326921504287e-06	full	1	NC	nan
61	NA	NA	ref_0000	NA	AAAGG	nan	9.950025105401226e-08	1.9443121410949075e-10	full	1	NC	nan
62	NA	NA	ref_0000	NA	AAGGG	0.01769641055032832	1.1495339549664096e-13	1.0655504466171205e-06	full	2	Modified_rep1:46/9__Modified_rep2:38/7__Unmodified_rep1:18/37__Unmodified_rep2:9/36	2.566581307
63	NA	NA	ref_0000	NA	AGGGT	nan	0.023045442312331223	2.922098529572009e-09	full	1	NC	nan
64	NA	NA	ref_0000	NA	GGGTG	nan	0.21682661962442779	4.7495392278164365e-06	full	1	NC	nan
65	NA	NA	ref_0000	NA	GGTGG	nan	0.4408987181014762	0.7193199986470227	full	1	NC	nan
66	NA	NA	ref_0000	NA	GTGGG	nan	0.3580314285503929	0.10620837767152938	full	1	NC	nan
67	NA	NA	ref_0000	NA	TGGGA	nan	0.9315711467658275	0.3580314285503929	full	1	NC	nan
68	NA	NA	ref_0000	NA	GGGAC	nan	0.9611279889382083	0.8002888548734872	full	1	NC	nan
69	NA	NA	ref_0000	NA	GGACA	nan	0.8151939481590966	0.9968163382856648	full	1	NC	nan
70	NA	NA	ref_0000	NA	GACAC	nan	0.15922093156123904	0.9283139049939192	full	1	NC	nan
71	NA	NA	ref_0000	NA	ACACC	nan	0.03529231729483449	1.22307790689512e-09	full	1	NC	nan
72	NA	NA	ref_0000	NA	CACCA	nan	9.950025105401226e-08	4.754949668663568e-13	full	1	NC	nan
73	NA	NA	ref_0000	NA	ACCAA	0.005202367722957825	2.8326215359924495e-10	1.9268480542626357e-25	full	2	Modified_rep1:50/5__Modified_rep2:40/5__Unmodified_rep1:6/49__Unmodified_rep2:4/41	4.078111660999999
74	NA	NA	ref_0000	NA	CCAAC	nan	0.0034141208833490025	1.671040447072949e-13	full	1	NC	nan
75	NA	NA	ref_0000	NA	CAACT	nan	0.0034141208833490025	2.2816939884357717e-06	full	1	NC	nan
76	NA	NA	ref_0000	NA	AACTC	nan	0.03529231729483449	0.012324723386924842	full	1	NC	nan
77	NA	NA	ref_0000	NA	ACTCT	nan	0.9861884723418123	0.5408859655628487	full	1	NC	nan
78	NA	NA	ref_0000	NA	CTCTA	nan	0.6305029190222565	0.7193199986470227	full	1	NC	nan
79	NA	NA	ref_0000	NA	TCTAG	nan	0.3580314285503929	0.1493537189011059	full	1	NC	nan
80	NA	NA	ref_0000	NA	CTAGA	nan	0.005690906310543182	0.0026155637953792356	full	1	NC	nan
81	NA	NA	ref_0000	NA	TAGAC	nan	2.010223218299628e-08	9.661326921504287e-06	full	1	NC	nan
82	NA	NA	ref_0000	NA	AGACT	0.008469799722515764	6.423856225049844e-05	4.142134660696297e-22	full	2	Modified_rep1:49/6__Modified_rep2:37/8__Unmodified_rep1:7/48__Unmodified_rep2:5/40	3.5703328955
83	NA	NA	ref_0000	NA	GACTG	nan	2.0781095052306162e-07	1.4627259309612494e-17	full	1	NC	nan
84	NA	NA	ref_0000	NA	ACTGA	nan	0.0012154935477861107	9.14368182301471e-08	full	1	NC	nan
85	NA	NA	ref_0000	NA	CTGAG	nan	0.4408987181014762	0.8731040957304399	full	1	NC	nan
86	NA	NA	ref_0000	NA	TGAGG	nan	0.3580314285503929	7.275766237834673e-05	full	1	NC	nan
87	NA	NA	ref_0000	NA	GAGGT	nan	9.950025105401226e-08	0.004472785896246313	full	1	NC	nan
88	NA	NA	ref_0000	NA	AGGTT	0.008408507865721733	0.0012154935477861107	1.1165861701157812e-22	full	2	Modified_rep1:45/10__Modified_rep2:39/6__Unmodified_rep1:6/49__Unmodified_rep2:7/38	3.3619741944999997
89	NA	NA	ref_0000	NA	GGTTC	nan	2.0613919855116256e-06	0.0026155637953792356	full	1	NC	nan
90	NA	NA	ref_0000	NA	GTTCG	nan	0.009273833376790039	1.3349475913837514e-12	full	1	NC	nan
91	NA	NA	ref_0000	NA	TTCGA	nan	0.9861884723418123	0.1493537189011059	full	1	NC	nan
92	NA	NA	ref_0000	NA	TCGAT	nan	0.7170686058500053	0.4466246754794174	full	1	NC	nan
93	NA	NA	ref_0000	NA	CGATC	nan	0.023045442312331223	0.0008669649319334624	full	1	NC	nan
94	NA	NA	ref_0000	NA	GATCT	nan	3.466952926330152e-05	0.0026155637953792356	full	1	NC	nan
95	NA	NA	ref_0000	NA	ATCTC	0.007204798074701705	8.003404246507283e-13	9.483264751263437e-24	full	2	Modified_rep1:50/5__Modified_rep2:39/6__Unmodified_rep1:8/47__Unmodified_rep2:5/40	3.7394122495
96	NA	NA	ref_0000	NA	TCTCG	nan	2.8326215359924495e-10	1.7006740476560712e-08	full	1	NC	nan
97	NA	NA	ref_0000	NA	CTCGT	nan	0.0034141208833490025	1.3349475913837514e-12	full	1	NC	nan
98	NA	NA	ref_0000	NA	TCGTG	nan	0.6305029190222565	0.7193199986470227	full	1	NC	nan
99	NA	NA	ref_0000	NA	CGTGA	nan	0.9861884723418123	0.3580314285503929	full	1	NC	nan
100	NA	NA	ref_0000	NA	GTGAA	nan	0.7170686058500053	0.9695221198459655	full	1	NC	nan
101	NA	NA	ref_0000	NA	TGAAA	nan	0.8878066258398902	0.2068911680513408	full	1	NC	nan
102	NA	NA	ref_0000	NA	GAAAT	nan	0.5345843814980389	0.7193199986470227	full	1	NC	nan
103	NA	NA	ref_0000	NA	AAATG	nan	0.9611279889382083	0.9283139049939192	full	1	NC	nan
104	NA	NA	ref_0000	NA	AATGT	nan	0.7170686058500053	0.8002888548734872	full	1	NC	nan
105	NA	NA	ref_0000	NA	ATGTC	nan	0.6305029190222565	0.8002888548734872	full	1	NC	nan
106	NA	NA	ref_0000	NA	TGTCA	nan	0.8151939481590966	0.2068911680513408	full	1	NC	nan
107	NA	NA	ref_0000	NA	GTCAG	nan	0.5345843814980389	0.7193199986470227	full	1	NC	nan
108	NA	NA	ref_0000	NA	TCAGC	nan	0.9315711467658275	0.8731040957304399	full	1	NC	nan
109	NA	NA	ref_0000	NA	CAGCA	nan	0.6305029190222565	0.9695221198459655	full	1	NC	nan
110	NA	NA	ref_0000	NA	AGCAA	nan	0.7170686058500053	0.8002888548734872	full	1	NC	nan
111	NA	NA	ref_0000	NA	GCAAG	nan	0.6305029190222565	0.9913463618415079	full	1	NC	nan
112	NA	NA	ref_0000	NA	CAAGA	nan	0.21682661962442779	0.9913463618415079	full	1	NC	nan
113	NA	NA	ref_0000	NA	AAGAC	nan	0.6305029190222565	0.3580314285503929	full	1	NC	nan
114	NA	NA	ref_0000	NA	AGACC	nan	0.21682661962442779	2.922098529572009e-09	full	1	NC	nan
115	NA	NA	ref_0000	NA	GACCT	nan	0.00038887325165334066	1.3349475913837514e-12	full	1	NC	nan
116	NA	NA	ref_0000	NA	ACCTC	0.005202367722957825	8.776355585767495e-16	1.1165861701157812e-22	full	2	Modified_rep1:6/49__Modified_rep2:5/40__Unmodified_rep1:48/7__Unmodified_rep2:40/5	-3.811058403
117	NA	NA	ref_0000	NA	CCTCC	nan	2.010223218299628e-08	4.819499870243772e-10	full	1	NC	nan
118	NA	NA	ref_0000	NA	CTCCA	nan	0.002048612767869504	4.754949668663568e-13	full	1	NC	nan
119	NA	NA	ref_0000	NA	TCCAC	nan	0.6305029190222565	0.9968163382856648	full	1	NC	nan
120	NA	NA	ref_0000	NA	CCACT	nan	0.3580314285503929	0.8002888548734872	full	1	NC	nan
121	NA	NA	ref_0000	NA	CACTC	nan	0.5345843814980389	0.5408859655628487	full	1	NC	nan
122	NA	NA	ref_0000	NA	ACTCC	nan	0.7170686058500053	0.4466246754794174	full	1	NC	nan
123	NA	NA	ref_0000	NA	CTCCG	nan	0.8878066258398902	0.9695221198459655	full	1	NC	nan
124	NA	NA	ref_0000	NA	TCCGA	nan	0.2821520155678491	0.9283139049939192	full	1	NC	nan
125	NA	NA	ref_0000	NA	CCGAA	nan	0.3580314285503929	0.9695221198459655	full	1	NC	nan
126	NA	NA	ref_0000	NA	CGAAG	nan	0.7170686058500053	0.6475435384552904	full	1	NC	nan
127	NA	NA	ref_0000	NA	GAAGC	nan	0.9611279889382083	0.9913463618415079	full	1	NC	nan
128	NA	NA	ref_0000	NA	AAGCC	nan	0.3580314285503929	0.7193199986470227	full	1	NC	nan
129	NA	NA	ref_0000	NA	AGCCA	nan	0.9611279889382083	0.5408859655628487	full	1	NC	nan
130	NA	NA	ref_0000	NA	GCCAT	nan	0.9611279889382083	0.8731040957304399	full	1	NC	nan
131	NA	NA	ref_0000	NA	CCATG	nan	0.9611279889382083	0.8002888548734872	full	1	NC	nan
132	NA	NA	ref_0000	NA	CATGA	nan	0.9861884723418123	0.9283139049939192	full	1	NC	nan
133	NA	NA	ref_0000	NA	ATGAA	nan	0.9315711467658275	0.9913463618415079	full	1	NC	nan
134	NA	NA	ref_0000	NA	TGAAG	nan	0.8151939481590966	0.7193199986470227	full	1	NC	nan
135	NA	NA	ref_0000	NA	GAAGC	nan	0.3580314285503929	0.012324723386924842	full	1	NC	nan
136	NA	NA	ref_0000	NA	AAGCG	nan	0.1150590758108235	2.097351607081304e-07	full	1	NC	nan
137	NA	NA	ref_0000	NA	AGCGT	0.016718618549238333	8.766295588716028e-09	0.0002592488344355605	full	2	Modified_rep1:19/36__Modified_rep2:13/32__Unmodified_rep1:44/11__Unmodified_rep2:33/12	-1.877901439
138	NA	NA	ref_0000	NA	GCGTT	nan	0.0012154935477861107	1.671040447072949e-13	full	1	NC	nan
139	NA	NA	ref_0000	NA	CGTTG	nan	0.002048612767869504	0.001541888761682701	full	1	NC	nan
140	NA	NA	ref_0000	NA	GTTGC	nan	0.6305029190222565	0.6475435384552904	full	1	NC	nan
141	NA	NA	ref_0000	NA	TTGCC	nan	0.8878066258398902	0.9695221198459655	full	1	NC	nan
142	NA	NA	ref_0000	NA	TGCCG	nan	0.5345843814980389	0.5408859655628487	full	1	NC	nan
143	NA	NA	ref_0000	NA	GCCGG	nan	0.4408987181014762	0.8731040957304399	full	1	NC	nan
144	NA	NA	ref_0000	NA	CCGGG	nan	0.5345843814980389	0.5408859655628487	full	1	NC	nan
145	NA	NA	ref_0000	NA	CGGGG	nan	0.21682661962442779	0.7193199986470227	full	1	NC	nan
146	NA	NA	ref_0000	NA	GGGGA	nan	0.9611279889382083	0.5408859655628487	full	1	NC	nan
147	NA	NA	ref_0000	NA	GGGAT	nan	0.9611279889382083	0.8731040957304399	full	1	NC	nan
148	NA	NA	ref_0000	NA	GGATT	nan	0.9315711467658275	0.7193199986470227	full	1	NC	nan
149	NA	NA	ref_0000	NA	GATTA	nan	0.9611279889382083	0.9283139049939192	full	1	NC	nan
150	NA	NA	ref_0000	NA	ATTAA	nan	0.9611279889382083	0.8731040957304399	full	1	NC	nan
151	NA	NA	ref_0000	NA	TTAAC	nan	0.8151939481590966	0.2068911680513408	full	1	NC	nan
152	NA	NA	ref_0000	NA	TAACA	nan	0.9861884723418123	0.9283139049939192	full	1	NC	nan
153	NA	NA	ref_0000	NA	AACAA	nan	0.8151939481590966	0.7193199986470227	full	1	NC	nan
154	NA	NA	ref_0000	NA	ACAAG	nan	0.023045442312331223	7.275766237834673e-05	full	1	NC	nan
155	NA	NA	ref_0000	NA	CAAGC	nan	8.766295588716028e-09	0.00013789333950857486	full	1	NC	nan
156	NA	NA	ref_0000	NA	AAGCA	0.034023870828765984	1.526174958910528e-09	1.909413773529683e-15	full	2	Modified_rep1:53/2__Modified_rep2:40/5__Unmodified_rep1:24/31__Unmodified_rep2:18/27	2.723404982
157	NA	NA	ref_0000	NA	AGCAT	nan	4.189662237386373e-06	1.3349475913837514e-12	full	1	NC	nan
158	NA	NA	ref_0000	NA	GCATC	nan	0.1150590758108235	1.671040447072949e-13	full	1	NC	nan
159	NA	NA	ref_0000	NA	CATCA	nan	0.9988610897488148	0.8002888548734872	full	1	NC	nan
160	NA	NA	ref_0000	NA	ATCAT	nan	0.8151939481590966	0.8731040957304399	full	1	NC	nan
161	NA	NA	ref_0000	NA	TCATG	nan	6.423856225049844e-05	2.922098529572009e-09	full	1	NC	nan
162	NA	NA	ref_0000	NA	CATGT	nan	0.00012383257769029874	9.676406511674506e-12	full	1	NC	nan
163	NA	NA	ref_0000	NA	ATGTT	0.008408336306956532	4.50378660889038e-07	4.754949668663568e-13	full	2	Modified_rep1:49/6__Modified_rep2:38/7__Unmodified_rep1:15/40__Unmodified_rep2:12/33	2.7263137355
164	NA	NA	ref_0000	NA	TGTTT	nan	6.423856225049844e-05	0.012324723386924842	full	1	NC	nan
165	NA	NA	ref_0000	NA	GTTTA	nan	0.05289357774608792	9.676406511674506e-12	full	1	NC	nan
166	NA	NA	ref_0000	NA	TTTAC	nan	0.009273833376790039	0.5408859655628487	full	1	NC	nan
167	NA	NA	ref_0000	NA	TTACA	nan	0.21682661962442779	3.6624439740802105e-12	full	1	NC	nan
168	NA	NA	ref_0000	NA	TACAA	nan	2.0613919855116256e-06	1.9407716122809513e-14	full	1	NC	nan
169	NA	NA	ref_0000	NA	ACAAA	0.006827059676414834	8.003404246507283e-13	2.335467250043609e-20	full	2	Modified_rep1:48/7__Modified_rep2:37/8__Unmodified_rep1:6/49__Unmodified_rep2:5/40	3.5703328955
170	NA	NA	ref_0000	NA	CAAAT	nan	0.002048612767869504	2.922098529572009e-09	full	1	NC	nan
171	NA	NA	ref_0000	NA	AAATT	nan	0.4408987181014762	2.922098529572009e-09	full	1	NC	nan
172	NA	NA	ref_0000	NA	AATTA	nan	0.9611279889382083	0.4466246754794174	full	1	NC	nan
173	NA	NA	ref_0000	NA	ATTAT	nan	0.8151939481590966	0.5408859655628487	full	1	NC	nan
174	NA	NA	ref_0000	NA	TTATG	nan	0.9315711467658275	0.3580314285503929	full	1	NC	nan
175	NA	NA	ref_0000	NA	TATGT	nan	0.5345843814980389	0.9968163382856648	full	1	NC	nan
176	NA	NA	ref_0000	NA	ATGTA	nan	0.7170686058500053	0.8002888548734872	full	1	NC	nan
177	NA	NA	ref_0000	NA	TGTAT	nan	0.8878066258398902	0.8002888548734872	full	1	NC	nan
178	NA	NA	ref_0000	NA	GTATG	nan	0.8151939481590966	0.27783336226834116	full	1	NC	nan
179	NA	NA	ref_0000	NA	TATGC	nan	0.9315711467658275	0.8002888548734872	full	1	NC	nan
180	NA	NA	ref_0000	NA	ATGCA	nan	0.9611279889382083	0.8002888548734872	full	1	NC	nan
181	NA	NA	ref_0000	NA	TGCAG	nan	0.7170686058500053	0.9283139049939192	full	1	NC	nan
182	NA	NA	ref_0000	NA	GCAGA	nan	0.7170686058500053	0.8731040957304399	full	1	NC	nan
183	NA	NA	ref_0000	NA	CAGAC	nan	0.0034141208833490025	0.8002888548734872	full	1	NC	nan
184	NA	NA	ref_0000	NA	AGACC	nan	0.4408987181014762	0.9695221198459655	full	1	NC	nan
185	NA	NA	ref_0000	NA	GACCA	nan	0.9611279889382083	0.1493537189011059	full	1	NC	nan
186	NA	NA	ref_0000	NA	ACCAT	nan	0.6305029190222565	0.27783336226834116	full	1	NC	nan
187	NA	NA	ref_0000	NA	CCATC	nan	0.1150590758108235	1.22307790689512e-09	full	1	NC	nan
188	NA	NA	ref_0000	NA	CATCT	nan	4.189662237386373e-06	2.922098529572009e-09	full	1	NC	nan
189	NA	NA	ref_0000	NA	ATCTG	0.005202367722957825	1.526174958910528e-09	6.283405873853667e-26	full	2	Modified_rep1:49/6__Modified_rep2:39/6__Unmodified_rep1:5/50__Unmodified_rep2:4/41	3.9886900149999995
190	NA	NA	ref_0000	NA	TCTGA	nan	6.423856225049844e-05	9.676406511674506e-12	full	1	NC	nan
191	NA	NA	ref_0000	NA	CTGAA	nan	0.023045442312331223	0.01979544403751528	full	1	NC	nan
192	NA	NA	ref_0000	NA	TGAAC	nan	0.9611279889382083	0.8002888548734872	full	1	NC	nan
193	NA	NA	ref_0000	NA	GAACC	nan	0.4408987181014762	0.9283139049939192	full	1	NC	nan
194	NA	NA	ref_0000	NA	AACCT	nan	0.05289357774608792	0.8731040957304399	full	1	NC	nan
195	NA	NA	ref_0000	NA	ACCTG	nan	0.3580314285503929	0.5408859655628487	full	1	NC	nan
0	NA	NA	ref_0002	NA	AAGGA	nan	4.189662237386373e-06	0.27783336226834116	full	1	NC	nan
1	NA	NA	ref_0002	NA	AGGAC	0.00542352752285971	2.0781095052306162e-07	4.142134660696297e-22	full	2	Modified_rep1:5/50__Modified_rep2:3/42__Unmodified_rep1:35/20__Unmodified_rep2:28/17	-2.7654462455
2	NA	NA	ref_0002	NA	GGACT	nan	0.03529231729483449	9.676406511674506e-12	full	1	NC	nan
3	NA	NA	ref_0002	NA	GACTG	nan	3.466952926330152e-05	4.819499870243772e-10	full	1	NC	nan
4	NA	NA	ref_0002	NA	ACTGC	nan	0.8151939481590966	0.4466246754794174	full	1	NC	nan
5	NA	NA	ref_0002	NA	CTGCG	nan	0.9315711467658275	0.6475435384552904	full	1	NC	nan
6	NA	NA	ref_0002	NA	TGCGC	nan	0.9611279889382083	0.8002888548734872	full	1	NC	nan
7	NA	NA	ref_0002	NA	GCGCC	nan	0.5345843814980389	0.9913463618415079	full	1	NC	nan
8	NA	NA	ref_0002	NA	CGCCG	nan	0.9861884723418123	0.6475435384552904	full	1	NC	nan
9	NA	NA	ref_0002	NA	GCCGC	nan	0.8878066258398902	0.012324723386924842	full	1	NC	nan
10	NA	NA	ref_0002	NA	CCGCC	nan	0.9315711467658275	0.8731040957304399	full	1	NC	nan
11	NA	NA	ref_0002	NA	CGCCA	nan	0.7170686058500053	0.4466246754794174	full	1	NC	nan
12	NA	NA	ref_0002	NA	GCCAC	nan	0.9611279889382083	0.9283139049939192	full	1	NC	nan
13	NA	NA	ref_0002	NA	CCACG	nan	0.9611279889382083	0.10620837767152938	full	1	NC	nan
14	NA	NA	ref_0002	NA	CACGC	nan	0.7170686058500053	0.8002888548734872	full	1	NC	nan
15	NA	NA	ref_0002	NA	ACGCA	nan	0.6305029190222565	0.9283139049939192	full	1	NC	nan
16	NA	NA	ref_0002	NA	CGCAC	nan	0.15922093156123904	0.9968163382856648	full	1	NC	nan
17	NA	NA	ref_0002	NA	GCACG	nan	0.9861884723418123	0.2068911680513408	full	1	NC	nan
18	NA	NA	ref_0002	NA	CACGA	nan	0.6305029190222565	0.9283139049939192	full	1	NC	nan
19	NA	NA	ref_0002	NA	ACGAC	nan	0.8151939481590966	0.7193199986470227	full	1	NC	nan
20	NA	NA	ref_0002	NA	CGACA	nan	9.911300323942668e-07	0.007523474097064767	full	1	NC	nan
21	NA	NA	ref_0002	NA	GACAG	nan	0.00038887325165334066	3.969699135315515e-08	full	1	NC	nan
22	NA	NA	ref_0002	NA	ACAGC	0.02090138637323059	1.1495339549664096e-13	1.9407716122809513e-14	full	2	Modified_rep1:3/52__Modified_rep2:5/40__Unmodified_rep1:38/17__Unmodified_rep2:27/18	-2.8333827840000003
23	NA	NA	ref_0002	NA	CAGCC	nan	2.0781095052306162e-07	1.9443121410949075e-10	full	1	NC	nan
24	NA	NA	ref_0002	NA	AGCCT	nan	0.2821520155678491	0.0008669649319334624	full	1	NC	nan
25	NA	NA	ref_0002	NA	GCCTT	nan	0.2821520155678491	0.9913463618415079	full	1	NC	nan
26	NA	NA	ref_0002	NA	CCTTG	nan	0.8151939481590966	0.9968163382856648	full	1	NC	nan
27	NA	NA	ref_0002	NA	CTTGG	nan	0.9315711467658275	0.9695221198459655	full	1	NC	nan
28	NA	NA	ref_0002	NA	TTGGA	nan	0.9315711467658275	0.9695221198459655	full	1	NC	nan
29	NA	NA	ref_0002	NA	TGGAT	nan	0.8878066258398902	0.8002888548734872	full	1	NC	nan
30	NA	NA	ref_0002	NA	GGATC	nan	0.8878066258398902	0.6475435384552904	full	1	NC	nan
31	NA	NA	ref_0002	NA	GATCC	nan	0.5345843814980389	0.8731040957304399	full	1	NC	nan
32	NA	NA	ref_0002	NA	ATCCC	nan	0.3580314285503929	0.04798086154676086	full	1	NC	nan
33	NA	NA	ref_0002	NA	TCCCA	nan	0.9315711467658275	0.7193199986470227	full	1	NC	nan
34	NA	NA	ref_0002	NA	CCCAT	nan	0.6305029190222565	0.3580314285503929	full	1	NC	nan
35	NA	NA	ref_0002	NA	CCATA	nan	0.4408987181014762	0.7193199986470227	full	1	NC	nan
36	NA	NA	ref_0002	NA	CATAT	nan	0.5345843814980389	0.9695221198459655	full	1	NC	nan
37	NA	NA	ref_0002	NA	ATATG	nan	0.009273833376790039	9.661326921504287e-06	full	1	NC	nan
38	NA	NA	ref_0002	NA	TATGC	nan	0.00038887325165334066	2.922098529572009e-09	full	1	NC	nan
39	NA	NA	ref_0002	NA	ATGCG	0.00720242260125328	4.587333457386433e-11	5.1423591258841904e-17	full	2	Modified_rep1:9/46__Modified_rep2:7/38__Unmodified_rep1:43/12__Unmodified_rep2:38/7	-2.9675214965
40	NA	NA	ref_0002	NA	TGCGA	nan	1.526174958910528e-09	0.6475435384552904	full	1	NC	nan
41	NA	NA	ref_0002	NA	GCGAA	nan	0.1150590758108235	0.0004779180204853419	full	1	NC	nan
42	NA	NA	ref_0002	NA	CGAAC	nan	0.2821520155678491	0.8731040957304399	full	1	NC	nan
43	NA	NA	ref_0002	NA	GAACT	nan	0.00038887325165334066	0.0004779180204853419	full	1	NC	nan
44	NA	NA	ref_0002	NA	AACTA	nan	0.0034141208833490025	8.778047569246058e-20	full	1	NC	nan
45	NA	NA	ref_0002	NA	ACTAA	0.005214415171841526	1.1060717554768179e-10	2.3272604027490863e-24	full	2	Modified_rep1:8/47__Modified_rep2:5/40__Unmodified_rep1:49/6__Unmodified_rep2:41/4	-3.8450667965
46	NA	NA	ref_0002	NA	CTAAT	nan	0.00038887325165334066	9.676406511674506e-12	full	1	NC	nan
47	NA	NA	ref_0002	NA	TAATA	nan	0.4408987181014762	1.7006740476560712e-08	full	1	NC	nan
48	NA	NA	ref_0002	NA	AATAC	nan	0.8878066258398902	0.4466246754794174	full	1	NC	nan
49	NA	NA	ref_0002	NA	ATACT	nan	0.7170686058500053	0.8002888548734872	full	1	NC	nan
50	NA	NA	ref_0002	NA	TACTA	nan	0.9611279889382083	0.9913463618415079	full	1	NC	nan
51	NA	NA	ref_0002	NA	ACTAA	nan	0.8151939481590966	0.3580314285503929	full	1	NC	nan
52	NA	NA	ref_0002	NA	CTAAC	nan	0.9996332921577278	0.3580314285503929	full	1	NC	nan
53	NA	NA	ref_0002	NA	TAACG	nan	0.05289357774608792	2.2816939884357717e-06	full	1	NC	nan
54	NA	NA	ref_0002	NA	AACGG	nan	1.7635755491634814e-05	2.922098529572009e-09	full	1	NC	nan
55	NA	NA	ref_0002	NA	ACGGC	0.005202367722957825	3.009329326770247e-13	5.827298622709827e-16	full	2	Modified_rep1:6/49__Modified_rep2:5/40__Unmodified_rep1:42/13__Unmodified_rep2:33/12	-2.985739703
56	NA	NA	ref_0002	NA	CGGCC	nan	6.423856225049844e-05	3.843782823185563e-05	full	1	NC	nan
57	NA	NA	ref_0002	NA	GGCCC	nan	0.1150590758108235	1.7006740476560712e-08	full	1	NC	nan
58	NA	NA	ref_0002	NA	GCCCT	nan	0.5345843814980389	0.9913463618415079	full	1	NC	nan
59	NA	NA	ref_0002	NA	CCCTG	nan	0.7170686058500053	0.2068911680513408	full	1	NC	nan
60	NA	NA	ref_0002	NA	CCTGA	nan	0.6305029190222565	0.8002888548734872	full	1	NC	nan
61	NA	NA	ref_0002	NA	CTGAC	nan	0.6305029190222565	0.6475435384552904	full	1	NC	nan
62	NA	NA	ref_0002	NA	TGACG	nan	0.7170686058500053	0.8731040957304399	full	1	NC	nan
63	NA	NA	ref_0002	NA	GACGG	nan	0.8151939481590966	0.9283139049939192	full	1	NC	nan
64	NA	NA	ref_0002	NA	ACGGC	nan	0.3580314285503929	0.4466246754794174	full	1	NC	nan
65	NA	NA	ref_0002	NA	CGGCA	nan	0.8151939481590966	0.6475435384552904	full	1	NC	nan
66	NA	NA	ref_0002	NA	GGCAG	nan	0.3580314285503929	0.8002888548734872	full	1	NC	nan
67	NA	NA	ref_0002	NA	GCAGA	nan	0.5345843814980389	0.8731040957304399	full	1	NC	nan
68	NA	NA	ref_0002	NA	CAGAG	nan	0.8151939481590966	0.2068911680513408	full	1	NC	nan
69	NA	NA	ref_0002	NA	AGAGA	nan	0.9611279889382083	0.9695221198459655	full	1	NC	nan
70	NA	NA	ref_0002	NA	GAGAA	nan	0.4408987181014762	0.8731040957304399	full	1	NC	nan
71	NA	NA	ref_0002	NA	AGAAA	nan	0.9315711467658275	0.7193199986470227	full	1	NC	nan
72	NA	NA	ref_0002	NA	GAAAT	nan	0.21682661962442779	0.27783336226834116	full	1	NC	nan
73	NA	NA	ref_0002	NA	AAATC	nan	6.423856225049844e-05	9.14368182301471e-08	full	1	NC	nan
74	NA	NA	ref_0002	NA	AATCT	nan	6.805092493832177e-10	1.9374148705962615e-05	full	1	NC	nan
75	NA	NA	ref_0002	NA	ATCTC	0.006827059676414834	4.559778243715553e-08	1.9268480542626357e-25	full	2	Modified_rep1:50/5__Modified_rep2:39/6__Unmodified_rep1:6/49__Unmodified_rep2:4/41	3.988690015
76	NA	NA	ref_0002	NA	TCTCG	nan	4.559778243715553e-08	1.671040447072949e-13	full	1	NC	nan
77	NA	NA	ref_0002	NA	CTCGA	nan	0.4408987181014762	7.45426719998013e-11	full	1	NC	nan
78	NA	NA	ref_0002	NA	TCGAC	nan	0.21682661962442779	0.7193199986470227	full	1	NC	nan
79	NA	NA	ref_0002	NA	CGACG	nan	0.5345843814980389	0.9968163382856648	full	1	NC	nan
80	NA	NA	ref_0002	NA	GACGC	nan	0.6305029190222565	0.8731040957304399	full	1	NC	nan
81	NA	NA	ref_0002	NA	ACGCA	nan	0.4408987181014762	0.3580314285503929	full	1	NC	nan
82	NA	NA	ref_0002	NA	CGCAC	nan	0.9315711467658275	0.4466246754794174	full	1	NC	nan
83	NA	NA	ref_0002	NA	GCACA	nan	0.4408987181014762	0.8731040957304399	full	1	NC	nan
84	NA	NA	ref_0002	NA	CACAC	nan	0.3580314285503929	0.8731040957304399	full	1	NC	nan
85	NA	NA	ref_0002	NA	ACACG	0.22995987145400973	0.5345843814980389	0.7193199986470227	full	2	Modified_rep1:26/29__Modified_rep2:23/22__Unmodified_rep1:25/30__Unmodified_rep2:17/28	0.295006918
86	NA	NA	ref_0002	NA	CACGC	nan	0.4408987181014762	0.9968163382856648	full	1	NC	nan
87	NA	NA	ref_0002	NA	ACGCA	nan	0.023045442312331223	0.1493537189011059	full	1	NC	nan
88	NA	NA	ref_0002	NA	CGCAG	nan	0.9611279889382083	0.7193199986470227	full	1	NC	nan
89	NA	NA	ref_0002	NA	GCAGC	nan	0.15922093156123904	0.8002888548734872	full	1	NC	nan
90	NA	NA	ref_0002	NA	CAGCG	nan	0.5345843814980389	0.8731040957304399	full	1	NC	nan
91	NA	NA	ref_0002	NA	AGCGT	nan	0.7170686058500053	0.04798086154676086	full	1	NC	nan
92	NA	NA	ref_0002	NA	GCGTT	nan	0.9611279889382083	0.9283139049939192	full	1	NC	nan
93	NA	NA	ref_0002	NA	CGTTT	nan	0.9315711467658275	0.5408859655628487	full	1	NC	nan
94	NA	NA	ref_0002	NA	GTTTT	nan	0.7170686058500053	0.9913463618415079	full	1	NC	nan
95	NA	NA	ref_0002	NA	TTTTT	nan	0.9611279889382083	0.5408859655628487	full	1	NC	nan
96	NA	NA	ref_0002	NA	TTTTC	nan	0.9611279889382083	0.9913463618415079	full	1	NC	nan
97	NA	NA	ref_0002	NA	TTTCA	nan	0.6305029190222565	0.7193199986470227	full	1	NC	nan
98	NA	NA	ref_0002	NA	TTCAG	nan	0.8878066258398902	0.6475435384552904	full	1	NC	nan
99	NA	NA	ref_0002	NA	TCAGC	nan	0.05289357774608792	2.097351607081304e-07	full	1	NC	nan
100	NA	NA	ref_0002	NA	CAGCC	0.00720242260125328	0.00038887325165334066	5.944354225719006e-14	full	2	Modified_rep1:41/14__Modified_rep2:36/9__Unmodified_rep1:13/42__Unmodified_rep2:10/35	2.3228593445
101	NA	NA	ref_0002	NA	AGCCG	0.009028188017280099	9.950025105401226e-08	1.6226632688030751e-21	full	2	Modified_rep1:6/49__Modified_rep2:8/37__Unmodified_rep1:47/8__Unmodified_rep2:38/7	-3.332285488
102	NA	NA	ref_0002	NA	GCCGT	nan	0.0034141208833490025	1.6944676500557287e-16	full	1	NC	nan
103	NA	NA	ref_0002	NA	CCGTG	nan	0.2821520155678491	7.1550317939478284e-09	full	1	NC	nan
104	NA	NA	ref_0002	NA	CGTGG	nan	0.9996332921577278	0.5408859655628487	full	1	NC	nan
105	NA	NA	ref_0002	NA	GTGGG	nan	0.9315711467658275	0.9283139049939192	full	1	NC	nan
106	NA	NA	ref_0002	NA	TGGGG	nan	0.8878066258398902	0.9913463618415079	full	1	NC	nan
107	NA	NA	ref_0002	NA	GGGGT	nan	0.5345843814980389	0.9283139049939192	full	1	NC	nan
108	NA	NA	ref_0002	NA	GGGTA	nan	0.9611279889382083	0.8002888548734872	full	1	NC	nan
109	NA	NA	ref_0002	NA	GGTAC	nan	0.21682661962442779	0.5408859655628487	full	1	NC	nan
110	NA	NA	ref_0002	NA	GTACC	nan	0.7170686058500053	0.3580314285503929	full	1	NC	nan
111	NA	NA	ref_0002	NA	TACCT	nan	0.6305029190222565	0.5408859655628487	full	1	NC	nan
112	NA	NA	ref_0002	NA	ACCTT	nan	0.9315711467658275	0.7193199986470227	full	1	NC	nan
113	NA	NA	ref_0002	NA	CCTTA	nan	0.8151939481590966	0.7193199986470227	full	1	NC	nan
114	NA	NA	ref_0002	NA	CTTAC	nan	0.7170686058500053	0.7193199986470227	full	1	NC	nan
115	NA	NA	ref_0002	NA	TTACT	nan	0.15922093156123904	1.671040447072949e-13	full	1	NC	nan
116	NA	NA	ref_0002	NA	TACTA	nan	0.0002214650604228627	6.314256593440603e-15	full	1	NC	nan
117	NA	NA	ref_0002	NA	ACTAC	0.005410333314933484	1.6993740039732178e-11	1.1165861701157812e-22	full	2	Modified_rep1:49/6__Modified_rep2:39/6__Unmodified_rep1:6/49__Unmodified_rep2:6/39	3.709082161
118	NA	NA	ref_0002	NA	CTACC	0.005202367722957825	0.005690906310543182	3.247201387011496e-19	full	2	Modified_rep1:8/47__Modified_rep2:7/38__Unmodified_rep1:36/19__Unmodified_rep2:31/14	-2.3154839395
119	NA	NA	ref_0002	NA	TACCC	nan	0.014838000312885985	1.909413773529683e-15	full	1	NC	nan
120	NA	NA	ref_0002	NA	ACCCC	nan	0.3580314285503929	0.6475435384552904	full	1	NC	nan
121	NA	NA	ref_0002	NA	CCCCT	nan	0.4408987181014762	0.8731040957304399	full	1	NC	nan
122	NA	NA	ref_0002	NA	CCCTT	nan	0.5345843814980389	0.9695221198459655	full	1	NC	nan
123	NA	NA	ref_0002	NA	CCTTC	nan	0.4408987181014762	0.9913463618415079	full	1	NC	nan
124	NA	NA	ref_0002	NA	CTTCC	nan	0.5345843814980389	0.8002888548734872	full	1	NC	nan
125	NA	NA	ref_0002	NA	TTCCA	nan	0.9315711467658275	0.8002888548734872	full	1	NC	nan
126	NA	NA	ref_0002	NA	TCCAA	nan	0.15922093156123904	0.9695221198459655	full	1	NC	nan
127	NA	NA	ref_0002	NA	CCAAG	nan	0.7170686058500053	0.8002888548734872	full	1	NC	nan
128	NA	NA	ref_0002	NA	CAAGT	nan	0.3580314285503929	0.1493537189011059	full	1	NC	nan
129	NA	NA	ref_0002	NA	AAGTC	nan	0.8878066258398902	0.3580314285503929	full	1	NC	nan
130	NA	NA	ref_0002	NA	AGTCA	nan	0.2821520155678491	0.9913463618415079	full	1	NC	nan
131	NA	NA	ref_0002	NA	GTCAT	nan	0.7170686058500053	0.6475435384552904	full	1	NC	nan
132	NA	NA	ref_0002	NA	TCATG	nan	0.2821520155678491	0.5408859655628487	full	1	NC	nan
133	NA	NA	ref_0002	NA	CATGC	nan	0.6305029190222565	0.8002888548734872	full	1	NC	nan
134	NA	NA	ref_0002	NA	ATGCC	nan	0.7170686058500053	0.8731040957304399	full	1	NC	nan
135	NA	NA	ref_0002	NA	TGCCC	nan	0.9315711467658275	0.4466246754794174	full	1	NC	nan
136	NA	NA	ref_0002	NA	GCCCG	nan	0.6305029190222565	0.9695221198459655	full	1	NC	nan
137	NA	NA	ref_0002	NA	CCCGT	nan	0.5345843814980389	0.9695221198459655	full	1	NC	nan
138	NA	NA	ref_0002	NA	CCGTA	nan	0.7170686058500053	0.9968163382856648	full	1	NC	nan
139	NA	NA	ref_0002	NA	CGTAA	nan	0.9315711467658275	0.9913463618415079	full	1	NC	nan
140	NA	NA	ref_0002	NA	GTAAT	nan	0.7170686058500053	0.5408859655628487	full	1	NC	nan
141	NA	NA	ref_0002	NA	TAATC	nan	0.7170686058500053	0.9996332921577278	full	1	NC	nan
142	NA	NA	ref_0002	NA	AATCC	nan	0.6305029190222565	0.1493537189011059	full	1	NC	nan
143	NA	NA	ref_0002	NA	ATCCC	nan	0.8878066258398902	0.5408859655628487	full	1	NC	nan
144	NA	NA	ref_0002	NA	TCCCT	nan	0.4408987181014762	0.8002888548734872	full	1	NC	nan
145	NA	NA	ref_0002	NA	CCCTC	nan	0.8151939481590966	0.6475435384552904	full	1	NC	nan
146	NA	NA	ref_0002	NA	CCTCC	nan	0.9861884723418123	0.9283139049939192	full	1	NC	nan
147	NA	NA	ref_0002	NA	CTCCC	nan	0.21682661962442779	0.8731040957304399	full	1	NC	nan
148	NA	NA	ref_0002	NA	TCCCG	nan	0.6305029190222565	0.9283139049939192	full	1	NC	nan
149	NA	NA	ref_0002	NA	CCCGT	nan	0.9861884723418123	0.8731040957304399	full	1	NC	nan
150	NA	NA	ref_0002	NA	CCGTA	nan	0.9315711467658275	0.9968163382856648	full	1	NC	nan
151	NA	NA	ref_0002	NA	CGTAC	nan	0.7170686058500053	0.9913463618415079	full	1	NC	nan
152	NA	NA	ref_0002	NA	GTACT	nan	0.8878066258398902	0.1493537189011059	full	1	NC	nan
153	NA	NA	ref_0002	NA	TACTG	nan	0.8151939481590966	0.7193199986470227	full	1	NC	nan
154	NA	NA	ref_0002	NA	ACTGT	nan	0.4408987181014762	0.8731040957304399	full	1	NC	nan
155	NA	NA	ref_0002	NA	CTGTT	nan	0.4408987181014762	0.9695221198459655	full	1	NC	nan
156	NA	NA	ref_0002	NA	TGTTG	nan	0.9611279889382083	0.8002888548734872	full	1	NC	nan
157	NA	NA	ref_0002	NA	GTTGA	nan	0.9611279889382083	0.9283139049939192	full	1	NC	nan
158	NA	NA	ref_0002	NA	TTGAT	nan	0.05289357774608792	0.8731040957304399	full	1	NC	nan
159	NA	NA	ref_0002	NA	TGATT	nan	0.0012154935477861107	7.275766237834673e-05	full	1	NC	nan
160	NA	NA	ref_0002	NA	GATTC	nan	0.002048612767869504	7.275766237834673e-05	full	1	NC	nan
161	NA	NA	ref_0002	NA	ATTCT	0.005202367722957825	6.805092493832177e-10	1.9268480542626357e-25	full	2	Modified_rep1:49/6__Modified_rep2:40/5__Unmodified_rep1:6/49__Unmodified_rep2:4/41	3.9911350075
162	NA	NA	ref_0002	NA	TTCTC	0.008408507865721733	0.0002214650604228627	4.467993884912909e-18	full	2	Modified_rep1:48/7__Modified_rep2:37/8__Unmodified_rep1:13/42__Unmodified_rep2:9/36	2.841607972
163	NA	NA	ref_0002	NA	TCTCT	nan	1.526174958910528e-09	2.922098529572009e-09	full	1	NC	nan
164	NA	NA	ref_0002	NA	CTCTT	nan	0.8151939481590966	0.6475435384552904	full	1	NC	nan
165	NA	NA	ref_0002	NA	TCTTC	nan	0.3580314285503929	0.9283139049939192	full	1	NC	nan
166	NA	NA	ref_0002	NA	CTTCG	nan	0.9861884723418123	0.1493537189011059	full	1	NC	nan
167	NA	NA	ref_0002	NA	TTCGA	nan	0.15922093156123904	0.8002888548734872	full	1	NC	nan
168	NA	NA	ref_0002	NA	TCGAA	nan	0.5345843814980389	0.7193199986470227	full	1	NC	nan
169	NA	NA	ref_0002	NA	CGAAT	nan	0.00038887325165334066	0.0026155637953792356	full	1	NC	nan
170	NA	NA	ref_0002	NA	GAATT	nan	0.0002214650604228627	3.6624439740802105e-12	full	1	NC	nan
171	NA	NA	ref_0002	NA	AATTT	nan	3.784311085124461e-15	4.819499870243772e-10	full	1	NC	nan
172	NA	NA	ref_0002	NA	ATTTA	nan	0.0002214650604228627	1.4627259309612494e-17	full	1	NC	nan
173	NA	NA	ref_0002	NA	TTTAA	nan	0.2821520155678491	9.676406511674506e-12	full	1	NC	nan
174	NA	NA	ref_0002	NA	TTAAA	nan	0.8878066258398902	0.10620837767152938	full	1	NC	nan
175	NA	NA	ref_0002	NA	TAAAG	nan	0.9988610897488148	0.27783336226834116	full	1	NC	nan
176	NA	NA	ref_0002	NA	AAAGT	nan	0.005690906310543182	7.275766237834673e-05	full	1	NC	nan
177	NA	NA	ref_0002	NA	AAGTA	nan	0.0012154935477861107	9.661326921504287e-06	full	1	NC	nan
178	NA	NA	ref_0002	NA	AGTAG	0.005202367722957825	3.009329326770247e-13	3.969699135315515e-08	full	2	Modified_rep1:53/2__Modified_rep2:44/1__Unmodified_rep1:24/31__Unmodified_rep2:19/26	3.2754258685
179	NA	NA	ref_0002	NA	GTAGC	nan	0.05289357774608792	2.922098529572009e-09	full	1	NC	nan
180	NA	NA	ref_0002	NA	TAGCG	nan	0.014838000312885985	2.097351607081304e-07	full	1	NC	nan
181	NA	NA	ref_0002	NA	AGCGG	nan	0.3580314285503929	0.8002888548734872	full	1	NC	nan
182	NA	NA	ref_0002	NA	GCGGC	nan	0.9861884723418123	0.4466246754794174	full	1	NC	nan
183	NA	NA	ref_0002	NA	CGGCG	nan	0.3580314285503929	0.6475435384552904	full	1	NC	nan
184	NA	NA	ref_0002	NA	GGCGT	nan	0.6305029190222565	0.9695221198459655	full	1	NC	nan
185	NA	NA	ref_0002	NA	GCGTC	nan	0.9861884723418123	0.9695221198459655	full	1	NC	nan
186	NA	NA	ref_0002	NA	CGTCC	nan	0.4408987181014762	0.07263447177030621	full	1	NC	nan
187	NA	NA	ref_0002	NA	GTCCA	nan	0.15922093156123904	0.8731040957304399	full	1	NC	nan
188	NA	NA	ref_0002	NA	TCCAC	nan	0.6305029190222565	0.04798086154676086	full	1	NC	nan
189	NA	NA	ref_0002	NA	CCACG	nan	0.6305029190222565	0.3580314285503929	full	1	NC	nan
190	NA	NA	ref_0002	NA	CACGG	nan	0.9315711467658275	0.9968163382856648	full	1	NC	nan
191	NA	NA	ref_0002	NA	ACGGG	nan	0.6305029190222565	0.4466246754794174	full	1	NC	nan
192	NA	NA	ref_0002	NA	CGGGC	nan	0.9861884723418123	0.5408859655628487	full	1	NC	nan
193	NA	NA	ref_0002	NA	GGGCG	nan	0.6305029190222565	0.4466246754794174	full	1	NC	nan
194	NA	NA	ref_0002	NA	GGCGG	nan	0.6305029190222565	0.9913463618415079	full	1	NC	nan
195	NA	NA	ref_0002	NA	GCGGT	nan	0.9611279889382083	0.5408859655628487	full	1	NC	nan
0	NA	NA	ref_0001	NA	GAACA	nan	0.0002214650604228627	4.819499870243772e-10	full	1	NC	nan
1	NA	NA	ref_0001	NA	AACAG	0.008469799722515764	2.8326215359924495e-10	1.1165861701157812e-22	full	2	Modified_rep1:51/4__Modified_rep2:40/5__Unmodified_rep1:7/48__Unmodified_rep2:8/37	3.7581793704999997
2	NA	NA	ref_0001	NA	ACAGT	nan	2.0613919855116256e-06	0.03127167355238499	full	1	NC	nan
3	NA	NA	ref_0001	NA	CAGTC	nan	0.00012383257769029874	0.00013789333950857486	full	1	NC	nan
4	NA	NA	ref_0001	NA	AGTCC	nan	0.7170686058500053	0.7193199986470227	full	1	NC	nan
5	NA	NA	ref_0001	NA	GTCCC	nan	0.9861884723418123	0.4466246754794174	full	1	NC	nan
6	NA	NA	ref_0001	NA	TCCCT	nan	0.7170686058500053	0.3580314285503929	full	1	NC	nan
7	NA	NA	ref_0001	NA	CCCTA	nan	0.6305029190222565	0.9283139049939192	full	1	NC	nan
8	NA	NA	ref_0001	NA	CCTAA	nan	0.9988610897488148	0.4466246754794174	full	1	NC	nan
9	NA	NA	ref_0001	NA	CTAAC	nan	0.2821520155678491	0.7193199986470227	full	1	NC	nan
10	NA	NA	ref_0001	NA	TAACT	nan	6.423856225049844e-05	0.0002592488344355605	full	1	NC	nan
11	NA	NA	ref_0001	NA	AACTA	nan	0.0012154935477861107	1.4627259309612494e-17	full	1	NC	nan
12	NA	NA	ref_0001	NA	ACTAA	0.006827059676414834	3.5786353572116465e-09	5.292388982686124e-25	full	2	Modified_rep1:7/48__Modified_rep2:5/40__Unmodified_rep1:46/9__Unmodified_rep2:40/5	-3.6017832295
13	NA	NA	ref_0001	NA	CTAAT	nan	3.466952926330152e-05	9.14368182301471e-08	full	1	NC	nan
14	NA	NA	ref_0001	NA	TAATA	nan	0.00038887325165334066	1.22307790689512e-09	full	1	NC	nan
15	NA	NA	ref_0001	NA	AATAA	nan	0.8878066258398902	0.7193199986470227	full	1	NC	nan
16	NA	NA	ref_0001	NA	ATAAG	nan	0.9861884723418123	0.8002888548734872	full	1	NC	nan
17	NA	NA	ref_0001	NA	TAAGT	nan	0.8878066258398902	0.9283139049939192	full	1	NC	nan
18	NA	NA	ref_0001	NA	AAGTT	nan	0.6305029190222565	0.6475435384552904	full	1	NC	nan
19	NA	NA	ref_0001	NA	AGTTA	nan	0.5345843814980389	0.27783336226834116	full	1	NC	nan
20	NA	NA	ref_0001	NA	GTTAT	nan	0.7170686058500053	0.10620837767152938	full	1	NC	nan
21	NA	NA	ref_0001	NA	TTATG	nan	0.2821520155678491	0.7193199986470227	full	1	NC	nan
22	NA	NA	ref_0001	NA	TATGA	nan	0.8878066258398902	0.9283139049939192	full	1	NC	nan
23	NA	NA	ref_0001	NA	ATGAC	nan	0.15922093156123904	0.8002888548734872	full	1	NC	nan
24	NA	NA	ref_0001	NA	TGACT	nan	0.9611279889382083	0.7193199986470227	full	1	NC	nan
25	NA	NA	ref_0001	NA	GACTC	nan	0.9611279889382083	0.5408859655628487	full	1	NC	nan
26	NA	NA	ref_0001	NA	ACTCG	nan	0.9861884723418123	0.8731040957304399	full	1	NC	nan
27	NA	NA	ref_0001	NA	CTCGG	nan	0.9315711467658275	0.9283139049939192	full	1	NC	nan
28	NA	NA	ref_0001	NA	TCGGA	nan	0.8878066258398902	0.7193199986470227	full	1	NC	nan
29	NA	NA	ref_0001	NA	CGGAG	nan	0.9315711467658275	0.8002888548734872	full	1	NC	nan
30	NA	NA	ref_0001	NA	GGAGG	nan	0.9315711467658275	0.8731040957304399	full	1	NC	nan
31	NA	NA	ref_0001	NA	GAGGA	nan	0.9315711467658275	0.8002888548734872	full	1	NC	nan
32	NA	NA	ref_0001	NA	AGGAC	nan	0.9315711467658275	0.0008669649319334624	full	1	NC	nan
33	NA	NA	ref_0001	NA	GGACG	nan	0.8151939481590966	0.7193199986470227	full	1	NC	nan
34	NA	NA	ref_0001	NA	GACGC	nan	0.7170686058500053	0.8002888548734872	full	1	NC	nan
35	NA	NA	ref_0001	NA	ACGCT	nan	0.21682661962442779	0.3580314285503929	full	1	NC	nan
36	NA	NA	ref_0001	NA	CGCTC	nan	0.8878066258398902	0.8002888548734872	full	1	NC	nan
37	NA	NA	ref_0001	NA	GCTCT	nan	0.9315711467658275	0.9283139049939192	full	1	NC	nan
38	NA	NA	ref_0001	NA	CTCTT	nan	0.7170686058500053	0.7193199986470227	full	1	NC	nan
39	NA	NA	ref_0001	NA	TCTTG	nan	0.8878066258398902	0.4466246754794174	full	1	NC	nan
40	NA	NA	ref_0001	NA	CTTGA	nan	0.9315711467658275	0.9968163382856648	full	1	NC	nan
41	NA	NA	ref_0001	NA	TTGAT	nan	0.9611279889382083	0.6475435384552904	full	1	NC	nan
42	NA	NA	ref_0001	NA	TGATG	nan	0.0006917234507024686	0.007523474097064767	full	1	NC	nan
43	NA	NA	ref_0001	NA	GATGA	nan	0.03529231729483449	1.671040447072949e-13	full	1	NC	nan
44	NA	NA	ref_0001	NA	ATGAT	0.010486465915938712	2.3537000859884668e-12	1.671040447072949e-13	full	2	Modified_rep1:46/9__Modified_rep2:36/9__Unmodified_rep1:10/45__Unmodified_rep2:5/40	3.104227025
45	NA	NA	ref_0001	NA	TGATA	nan	4.189662237386373e-06	7.1550317939478284e-09	full	1	NC	nan
46	NA	NA	ref_0001	NA	GATAC	nan	0.0002214650604228627	0.0004779180204853419	full	1	NC	nan
47	NA	NA	ref_0001	NA	ATACC	nan	0.4408987181014762	0.6475435384552904	full	1	NC	nan
48	NA	NA	ref_0001	NA	TACCC	nan	0.5345843814980389	0.27783336226834116	full	1	NC	nan
49	NA	NA	ref_0001	NA	ACCCG	nan	0.8878066258398902	0.9695221198459655	full	1	NC	nan
50	NA	NA	ref_0001	NA	CCCGA	nan	0.9315711467658275	0.3580314285503929	full	1	NC	nan
51	NA	NA	ref_0001	NA	CCGAC	nan	0.7170686058500053	0.9283139049939192	full	1	NC	nan
52	NA	NA	ref_0001	NA	CGACG	nan	0.9861884723418123	0.27783336226834116	full	1	NC	nan
53	NA	NA	ref_0001	NA	GACGC	nan	0.9611279889382083	0.9283139049939192	full	1	NC	nan
54	NA	NA	ref_0001	NA	ACGCC	nan	0.1150590758108235	0.5408859655628487	full	1	NC	nan
55	NA	NA	ref_0001	NA	CGCCC	nan	0.21682661962442779	0.5408859655628487	full	1	NC	nan
56	NA	NA	ref_0001	NA	GCCCG	nan	0.8151939481590966	0.07263447177030621	full	1	NC	nan
57	NA	NA	ref_0001	NA	CCCGG	nan	0.8151939481590966	0.8002888548734872	full	1	NC	nan
58	NA	NA	ref_0001	NA	CCGGC	nan	0.9861884723418123	0.04798086154676086	full	1	NC	nan
59	NA	NA	ref_0001	NA	CGGCG	0.0949766317394762	0.15922093156123904	0.9695221198459655	full	2	Modified_rep1:27/28__Modified_rep2:20/25__Unmodified_rep1:21/34__Unmodified_rep2:18/27	0.3017028595
60	NA	NA	ref_0001	NA	GGCGA	nan	0.6305029190222565	0.7193199986470227	full	1	NC	nan
61	NA	NA	ref_0001	NA	GCGAT	nan	0.8878066258398902	0.6475435384552904	full	1	NC	nan
62	NA	NA	ref_0001	NA	CGATC	nan	1.7635755491634814e-05	0.0026155637953792356	full	1	NC	nan
63	NA	NA	ref_0001	NA	GATCT	nan	2.0781095052306162e-07	0.004472785896246313	full	1	NC	nan
64	NA	NA	ref_0001	NA	ATCTT	0.005202367722957825	8.766295588716028e-09	5.292388982686124e-25	full	2	Modified_rep1:6/49__Modified_rep2:6/39__Unmodified_rep1:49/6__Unmodified_rep2:41/4	-3.9017133614999997
65	NA	NA	ref_0001	NA	TCTTA	0.008408507865721733	2.0781095052306162e-07	4.754949668663568e-13	full	2	Modified_rep1:8/47__Modified_rep2:9/36__Unmodified_rep1:41/14__Unmodified_rep2:34/11	-2.5411850415000004
66	NA	NA	ref_0001	NA	CTTAT	nan	0.03529231729483449	4.819499870243772e-10	full	1	NC	nan
67	NA	NA	ref_0001	NA	TTATC	nan	0.9611279889382083	0.9283139049939192	full	1	NC	nan
68	NA	NA	ref_0001	NA	TATCA	nan	0.9315711467658275	0.8731040957304399	full	1	NC	nan
69	NA	NA	ref_0001	NA	ATCAG	nan	0.6305029190222565	0.8002888548734872	full	1	NC	nan
70	NA	NA	ref_0001	NA	TCAGC	nan	0.7170686058500053	0.9968163382856648	full	1	NC	nan
71	NA	NA	ref_0001	NA	CAGCC	nan	0.8878066258398902	0.27783336226834116	full	1	NC	nan
72	NA	NA	ref_0001	NA	AGCCT	nan	0.8151939481590966	0.1493537189011059	full	1	NC	nan
73	NA	NA	ref_0001	NA	GCCTT	nan	0.9611279889382083	0.5408859655628487	full	1	NC	nan
74	NA	NA	ref_0001	NA	CCTTG	nan	0.9988610897488148	0.8731040957304399	full	1	NC	nan
75	NA	NA	ref_0001	NA	CTTGG	nan	0.3580314285503929	0.9913463618415079	full	1	NC	nan
76	NA	NA	ref_0001	NA	TTGGC	nan	0.7170686058500053	0.4466246754794174	full	1	NC	nan
77	NA	NA	ref_0001	NA	TGGCC	nan	0.15922093156123904	0.7193199986470227	full	1	NC	nan
78	NA	NA	ref_0001	NA	GGCCC	nan	0.9315711467658275	0.8002888548734872	full	1	NC	nan
79	NA	NA	ref_0001	NA	GCCCC	nan	0.9611279889382083	0.9695221198459655	full	1	NC	nan
80	NA	NA	ref_0001	NA	CCCCT	nan	0.2821520155678491	0.9695221198459655	full	1	NC	nan
81	NA	NA	ref_0001	NA	CCCTT	nan	0.15922093156123904	0.7193199986470227	full	1	NC	nan
82	NA	NA	ref_0001	NA	CCTTC	nan	0.8878066258398902	0.1493537189011059	full	1	NC	nan
83	NA	NA	ref_0001	NA	CTTCT	nan	0.9315711467658275	0.04798086154676086	full	1	NC	nan
84	NA	NA	ref_0001	NA	TTCTT	nan	0.5345843814980389	0.9695221198459655	full	1	NC	nan
85	NA	NA	ref_0001	NA	TCTTC	nan	0.8151939481590966	0.6475435384552904	full	1	NC	nan
86	NA	NA	ref_0001	NA	CTTCC	nan	0.9611279889382083	0.9913463618415079	full	1	NC	nan
87	NA	NA	ref_0001	NA	TTCCG	nan	0.9315711467658275	0.7193199986470227	full	1	NC	nan
88	NA	NA	ref_0001	NA	TCCGG	nan	0.8878066258398902	0.27783336226834116	full	1	NC	nan
89	NA	NA	ref_0001	NA	CCGGA	nan	0.4408987181014762	0.04798086154676086	full	1	NC	nan
90	NA	NA	ref_0001	NA	CGGAT	nan	0.5345843814980389	0.9283139049939192	full	1	NC	nan
91	NA	NA	ref_0001	NA	GGATA	nan	0.005690906310543182	0.0026155637953792356	full	1	NC	nan
92	NA	NA	ref_0001	NA	GATAG	nan	0.00012383257769029874	4.7495392278164365e-06	full	1	NC	nan
93	NA	NA	ref_0001	NA	ATAGT	0.005202367722957825	1.526174958910528e-09	3.247201387011496e-19	full	2	Modified_rep1:48/7__Modified_rep2:39/6__Unmodified_rep1:9/46__Unmodified_rep2:6/39	3.4229399375
94	NA	NA	ref_0001	NA	TAGTG	nan	0.002048612767869504	1.7006740476560712e-08	full	1	NC	nan
95	NA	NA	ref_0001	NA	AGTGT	nan	0.009273833376790039	0.3580314285503929	full	1	NC	nan
96	NA	NA	ref_0001	NA	GTGTA	nan	0.8151939481590966	0.9695221198459655	full	1	NC	nan
97	NA	NA	ref_0001	NA	TGTAA	nan	0.6305029190222565	0.9283139049939192	full	1	NC	nan
98	NA	NA	ref_0001	NA	GTAAC	nan	0.7170686058500053	0.9695221198459655	full	1	NC	nan
99	NA	NA	ref_0001	NA	TAACG	nan	0.8151939481590966	0.9283139049939192	full	1	NC	nan
100	NA	NA	ref_0001	NA	AACGA	nan	0.8151939481590966	0.2068911680513408	full	1	NC	nan
101	NA	NA	ref_0001	NA	ACGAT	nan	0.8151939481590966	0.6475435384552904	full	1	NC	nan
102	NA	NA	ref_0001	NA	CGATT	nan	0.5345843814980389	0.9913463618415079	full	1	NC	nan
103	NA	NA	ref_0001	NA	GATTG	nan	0.9315711467658275	0.2068911680513408	full	1	NC	nan
104	NA	NA	ref_0001	NA	ATTGT	nan	0.9861884723418123	0.5408859655628487	full	1	NC	nan
105	NA	NA	ref_0001	NA	TTGTA	nan	0.7170686058500053	0.07263447177030621	full	1	NC	nan
106	NA	NA	ref_0001	NA	TGTAA	nan	0.9315711467658275	0.8731040957304399	full	1	NC	nan
107	NA	NA	ref_0001	NA	GTAAG	nan	0.9315711467658275	0.6475435384552904	full	1	NC	nan
108	NA	NA	ref_0001	NA	TAAGG	nan	0.009273833376790039	2.2816939884357717e-06	full	1	NC	nan
109	NA	NA	ref_0001	NA	AAGGT	nan	4.50378660889038e-07	4.7495392278164365e-06	full	1	NC	nan
110	NA	NA	ref_0001	NA	AGGTC	nan	9.950025105401226e-08	4.142134660696297e-22	full	1	NC	nan
111	NA	NA	ref_0001	NA	GGTCC	nan	1.7635755491634814e-05	0.0026155637953792356	full	1	NC	nan
112	NA	NA	ref_0001	NA	GTCCG	nan	0.0034141208833490025	3.969699135315515e-08	full	1	NC	nan
113	NA	NA	ref_0001	NA	TCCGG	nan	0.8878066258398902	0.8731040957304399	full	1	NC	nan
114	NA	NA	ref_0001	NA	CCGGT	nan	0.9611279889382083	0.9695221198459655	full	1	NC	nan
115	NA	NA	ref_0001	NA	CGGTG	nan	0.5345843814980389	0.6475435384552904	full	1	NC	nan
116	NA	NA	ref_0001	NA	GGTGT	nan	0.9315711467658275	0.9695221198459655	full	1	NC	nan
117	NA	NA	ref_0001	NA	GTGTA	nan	0.6305029190222565	0.6475435384552904	full	1	NC	nan
118	NA	NA	ref_0001	NA	TGTAA	nan	0.9996332921577278	0.5408859655628487	full	1	NC	nan
119	NA	NA	ref_0001	NA	GTAAC	nan	0.03529231729483449	1.9443121410949075e-10	full	1	NC	nan
120	NA	NA	ref_0001	NA	TAACC	nan	0.009273833376790039	7.1550317939478284e-09	full	1	NC	nan
121	NA	NA	ref_0001	NA	AACCT	0.005202367722957825	7.925126126885365e-15	1.1165861701157812e-22	full	2	Modified_rep1:49/6__Modified_rep2:39/6__Unmodified_rep1:9/46__Unmodified_rep2:7/38	3.420382387
122	NA	NA	ref_0001	NA	ACCTG	nan	0.0012154935477861107	1.671040447072949e-13	full	1	NC	nan
123	NA	NA	ref_0001	NA	CCTGA	nan	0.014838000312885985	4.7495392278164365e-06	full	1	NC	nan
124	NA	NA	ref_0001	NA	CTGAA	nan	0.7170686058500053	0.8002888548734872	full	1	NC	nan
125	NA	NA	ref_0001	NA	TGAAG	nan	0.9315711467658275	0.8002888548734872	full	1	NC	nan
126	NA	NA	ref_0001	NA	GAAGG	nan	0.8878066258398902	0.9996332921577278	full	1	NC	nan
127	NA	NA	ref_0001	NA	AAGGC	nan	0.9611279889382083	0.27783336226834116	full	1	NC	nan
128	NA	NA	ref_0001	NA	AGGCT	nan	0.7170686058500053	0.2068911680513408	full	1	NC	nan
129	NA	NA	ref_0001	NA	GGCTA	nan	0.7170686058500053	0.8002888548734872	full	1	NC	nan
130	NA	NA	ref_0001	NA	GCTAC	nan	0.07941368913553479	0.8002888548734872	full	1	NC	nan
131	NA	NA	ref_0001	NA	CTACT	nan	0.014838000312885985	5.944354225719006e-14	full	1	NC	nan
132	NA	NA	ref_0001	NA	TACTG	nan	4.189662237386373e-06	3.6624439740802105e-12	full	1	NC	nan
133	NA	NA	ref_0001	NA	ACTGT	0.00542352752285971	3.009329326770247e-13	1.1165861701157812e-22	full	2	Modified_rep1:5/50__Modified_rep2:5/40__Unmodified_rep1:47/8__Unmodified_rep2:37/8	-3.588108388
134	NA	NA	ref_0001	NA	CTGTG	nan	2.0613919855116256e-06	1.9443121410949075e-10	full	1	NC	nan
135	NA	NA	ref_0001	NA	TGTGA	nan	8.820572851659097e-06	0.004472785896246313	full	1	NC	nan
136	NA	NA	ref_0001	NA	GTGAG	nan	0.9315711467658275	0.9695221198459655	full	1	NC	nan
137	NA	NA	ref_0001	NA	TGAGC	nan	0.5345843814980389	0.9695221198459655	full	1	NC	nan
138	NA	NA	ref_0001	NA	GAGCA	nan	0.7170686058500053	0.8731040957304399	full	1	NC	nan
139	NA	NA	ref_0001	NA	AGCAA	nan	0.15922093156123904	0.8731040957304399	full	1	NC	nan
140	NA	NA	ref_0001	NA	GCAAA	nan	0.9315711467658275	0.8731040957304399	full	1	NC	nan
141	NA	NA	ref_0001	NA	CAAAA	nan	0.8878066258398902	0.6475435384552904	full	1	NC	nan
142	NA	NA	ref_0001	NA	AAAAC	nan	0.3580314285503929	7.1550317939478284e-09	full	1	NC	nan
143	NA	NA	ref_0001	NA	AAACT	nan	0.0034141208833490025	9.661326921504287e-06	full	1	NC	nan
144	NA	NA	ref_0001	NA	AACTG	0.005202367722957825	4.587333457386433e-11	1.9268480542626357e-25	full	2	Modified_rep1:5/50__Modified_rep2:4/41__Unmodified_rep1:47/8__Unmodified_rep2:40/5	-3.9320434499999997
145	NA	NA	ref_0001	NA	ACTGA	nan	3.466952926330152e-05	3.969699135315515e-08	full	1	NC	nan
146	NA	NA	ref_0001	NA	CTGAT	nan	0.023045442312331223	0.00013789333950857486	full	1	NC	nan
147	NA	NA	ref_0001	NA	TGATT	nan	0.2821520155678491	0.9968163382856648	full	1	NC	nan
148	NA	NA	ref_0001	NA	GATTG	nan	0.7170686058500053	0.9968163382856648	full	1	NC	nan
149	NA	NA	ref_0001	NA	ATTGG	nan	0.6305029190222565	0.8731040957304399	full	1	NC	nan
150	NA	NA	ref_0001	NA	TTGGG	nan	0.8878066258398902	0.7193199986470227	full	1	NC	nan
151	NA	NA	ref_0001	NA	TGGGT	nan	0.7170686058500053	0.6475435384552904	full	1	NC	nan
152	NA	NA	ref_0001	NA	GGGTT	nan	0.4408987181014762	0.8731040957304399	full	1	NC	nan
153	NA	NA	ref_0001	NA	GGTTA	nan	0.8878066258398902	0.8731040957304399	full	1	NC	nan
154	NA	NA	ref_0001	NA	GTTAG	nan	0.4408987181014762	0.8731040957304399	full	1	NC	nan
155	NA	NA	ref_0001	NA	TTAGT	nan	0.8151939481590966	0.9968163382856648	full	1	NC	nan
156	NA	NA	ref_0001	NA	TAGTT	nan	0.5345843814980389	0.8002888548734872	full	1	NC	nan
157	NA	NA	ref_0001	NA	AGTTC	nan	0.8151939481590966	0.8731040957304399	full	1	NC	nan
158	NA	NA	ref_0001	NA	GTTCT	nan	0.5345843814980389	0.9913463618415079	full	1	NC	nan
159	NA	NA	ref_0001	NA	TTCTA	nan	0.7170686058500053	0.8731040957304399	full	1	NC	nan
160	NA	NA	ref_0001	NA	TCTAA	nan	0.9315711467658275	0.7193199986470227	full	1	NC	nan
161	NA	NA	ref_0001	NA	CTAAG	nan	0.7170686058500053	0.4466246754794174	full	1	NC	nan
162	NA	NA	ref_0001	NA	TAAGA	nan	0.1150590758108235	0.001541888761682701	full	1	NC	nan
163	NA	NA	ref_0001	NA	AAGAT	nan	0.0006917234507024686	0.2068911680513408	full	1	NC	nan
164	NA	NA	ref_0001	NA	AGATC	0.006827059676414834	4.189662237386373e-06	1.4627259309612494e-17	full	2	Modified_rep1:13/42__Modified_rep2:8/37__Unmodified_rep1:47/8__Unmodified_rep2:39/6	-2.9897250535
165	NA	NA	ref_0001	NA	GATCG	nan	6.423856225049844e-05	0.00013789333950857486	full	1	NC	nan
166	NA	NA	ref_0001	NA	ATCGG	nan	0.005690906310543182	1.3349475913837514e-12	full	1	NC	nan
167	NA	NA	ref_0001	NA	TCGGT	nan	0.9611279889382083	0.5408859655628487	full	1	NC	nan
168	NA	NA	ref_0001	NA	CGGTT	nan	0.7170686058500053	0.27783336226834116	full	1	NC	nan
169	NA	NA	ref_0001	NA	GGTTT	nan	0.2821520155678491	0.3580314285503929	full	1	NC	nan
170	NA	NA	ref_0001	NA	GTTTC	nan	0.8878066258398902	0.5408859655628487	full	1	NC	nan
171	NA	NA	ref_0001	NA	TTTCG	nan	0.8151939481590966	0.8731040957304399	full	1	NC	nan
172	NA	NA	ref_0001	NA	TTCGC	nan	0.7170686058500053	0.9913463618415079	full	1	NC	nan
173	NA	NA	ref_0001	NA	TCGCC	nan	0.9611279889382083	0.8731040957304399	full	1	NC	nan
174	NA	NA	ref_0001	NA	CGCCA	nan	0.5345843814980389	0.7193199986470227	full	1	NC	nan
175	NA	NA	ref_0001	NA	GCCAA	nan	0.4408987181014762	0.8002888548734872	full	1	NC	nan
176	NA	NA	ref_0001	NA	CCAAA	nan	0.9315711467658275	0.7193199986470227	full	1	NC	nan
177	NA	NA	ref_0001	NA	CAAAA	nan	0.4408987181014762	0.7193199986470227	full	1	NC	nan
178	NA	NA	ref_0001	NA	AAAAA	nan	0.21682661962442779	1.0655504466171205e-06	full	1	NC	nan
179	NA	NA	ref_0001	NA	AAAAT	nan	1.7635755491634814e-05	3.6624439740802105e-12	full	1	NC	nan
180	NA	NA	ref_0001	NA	AAATA	0.008524633887118395	1.1060717554768179e-10	1.1165861701157812e-22	full	2	Modified_rep1:8/47__Modified_rep2:7/38__Unmodified_rep1:48/7__Unmodified_rep2:42/3	-3.7226905245
181	NA	NA	ref_0001	NA	AATAG	nan	0.0002214650604228627	0.03127167355238499	full	1	NC	nan
182	NA	NA	ref_0001	NA	ATAGC	nan	0.05289357774608792	3.843782823185563e-05	full	1	NC	nan
183	NA	NA	ref_0001	NA	TAGCA	nan	0.8878066258398902	0.2068911680513408	full	1	NC	nan
184	NA	NA	ref_0001	NA	AGCAC	nan	0.9861884723418123	0.4466246754794174	full	1	NC	nan
185	NA	NA	ref_0001	NA	GCACG	nan	0.0034141208833490025	4.819499870243772e-10	full	1	NC	nan
186	NA	NA	ref_0001	NA	CACGA	nan	0.00038887325165334066	5.944354225719006e-14	full	1	NC	nan
187	NA	NA	ref_0001	NA	ACGAT	0.005202367722957825	1.1060717554768179e-10	1.6944676500557287e-16	full	2	Modified_rep1:8/47__Modified_rep2:6/39__Unmodified_rep1:39/16__Unmodified_rep2:32/13	-2.5650310405
188	NA	NA	ref_0001	NA	CGATG	nan	2.010223218299628e-08	0.03127167355238499	full	1	NC	nan
189	NA	NA	ref_0001	NA	GATGC	nan	0.1150590758108235	2.097351607081304e-07	full	1	NC	nan
190	NA	NA	ref_0001	NA	ATGCC	nan	0.9315711467658275	0.8002888548734872	full	1	NC	nan
191	NA	NA	ref_0001	NA	TGCCC	nan	0.8878066258398902	0.7193199986470227	full	1	NC	nan
192	NA	NA	ref_0001	NA	GCCCA	nan	0.9315711467658275	0.3580314285503929	full	1	NC	nan
193	NA	NA	ref_0001	NA	CCCAA	nan	0.3580314285503929	0.9913463618415079	full	1	NC	nan
194	NA	NA	ref_0001	NA	CCAAT	nan	0.9611279889382083	0.8731040957304399	full	1	NC	nan
195	NA	NA	ref_0001	NA	CAATC	nan	0.9988610897488148	0.9283139049939192	full	1	NC	nan
0	NA	NA	ref_0003	NA	GCGCT	nan	0.03529231729483449	0.8002888548734872	full	1	NC	nan
1	NA	NA	ref_0003	NA	CGCTA	nan	0.2821520155678491	0.9913463618415079	full	1	NC	nan
2	NA	NA	ref_0003	NA	GCTAA	nan	0.9611279889382083	0.6475435384552904	full	1	NC	nan
3	NA	NA	ref_0003	NA	CTAAA	nan	0.6305029190222565	0.8731040957304399	full	1	NC	nan
4	NA	NA	ref_0003	NA	TAAAA	nan	0.8878066258398902	0.9283139049939192	full	1	NC	nan
5	NA	NA	ref_0003	NA	AAAAA	nan	0.8878066258398902	0.27783336226834116	full	1	NC	nan
6	NA	NA	ref_0003	NA	AAAAG	nan	0.6305029190222565	0.7193199986470227	full	1	NC	nan
7	NA	NA	ref_0003	NA	AAAGT	nan	0.3580314285503929	0.9913463618415079	full	1	NC	nan
8	NA	NA	ref_0003	NA	AAGTA	nan	0.9611279889382083	0.6475435384552904	full	1	NC	nan
9	NA	NA	ref_0003	NA	AGTAG	nan	0.4408987181014762	0.8731040957304399	full	1	NC	nan
10	NA	NA	ref_0003	NA	GTAGC	nan	0.5345843814980389	3.969699135315515e-08	full	1	NC	nan
11	NA	NA	ref_0003	NA	TAGCT	nan	3.466952926330152e-05	3.6624439740802105e-12	full	1	NC	nan
12	NA	NA	ref_0003	NA	AGCTT	0.006827059676414834	3.5786353572116465e-09	5.292388982686124e-25	full	2	Modified_rep1:9/46__Modified_rep2:5/40__Unmodified_rep1:49/6__Unmodified_rep2:40/5	-3.6786502795000002
13	NA	NA	ref_0003	NA	GCTTG	nan	3.5786353572116465e-09	5.1423591258841904e-17	full	1	NC	nan
14	NA	NA	ref_0003	NA	CTTGG	nan	0.00038887325165334066	1.9443121410949075e-10	full	1	NC	nan
15	NA	NA	ref_0003	NA	TTGGA	nan	0.9315711467658275	0.10620837767152938	full	1	NC	nan
16	NA	NA	ref_0003	NA	TGGAA	nan	0.9611279889382083	0.9283139049939192	full	1	NC	nan
17	NA	NA	ref_0003	NA	GGAAG	nan	0.15922093156123904	0.7193199986470227	full	1	NC	nan
18	NA	NA	ref_0003	NA	GAAGA	nan	0.15922093156123904	0.004472785896246313	full	1	NC	nan
19	NA	NA	ref_0003	NA	AAGAA	nan	0.0002214650604228627	0.00013789333950857486	full	1	NC	nan
20	NA	NA	ref_0003	NA	AGAAA	0.010749817986482038	4.189662237386373e-06	1.4627259309612494e-17	full	2	Modified_rep1:8/47__Modified_rep2:10/35__Unmodified_rep1:45/10__Unmodified_rep2:36/9	-2.799339522
21	NA	NA	ref_0003	NA	GAAAG	nan	0.0006917234507024686	9.676406511674506e-12	full	1	NC	nan
22	NA	NA	ref_0003	NA	AAAGA	nan	0.002048612767869504	1.7006740476560712e-08	full	1	NC	nan
23	NA	NA	ref_0003	NA	AAGAG	nan	0.9315711467658275	0.8002888548734872	full	1	NC	nan
24	NA	NA	ref_0003	NA	AGAGT	nan	0.0006917234507024686	7.275766237834673e-05	full	1	NC	nan
25	NA	NA	ref_0003	NA	GAGTT	nan	0.05289357774608792	9.14368182301471e-08	full	1	NC	nan
26	NA	NA	ref_0003	NA	AGTTA	0.053593534287000456	3.784311085124461e-15	1.7006740476560712e-08	full	2	Modified_rep1:54/1__Modified_rep2:40/5__Unmodified_rep1:23/32__Unmodified_rep2:17/28	3.0156882025
27	NA	NA	ref_0003	NA	GTTAT	nan	0.0006917234507024686	2.335467250043609e-20	full	1	NC	nan
28	NA	NA	ref_0003	NA	TTATT	nan	0.002048612767869504	9.14368182301471e-08	full	1	NC	nan
29	NA	NA	ref_0003	NA	TATTA	nan	0.9988610897488148	0.5408859655628487	full	1	NC	nan
30	NA	NA	ref_0003	NA	ATTAC	nan	0.5345843814980389	0.9695221198459655	full	1	NC	nan
31	NA	NA	ref_0003	NA	TTACC	nan	0.9988610897488148	0.4466246754794174	full	1	NC	nan
32	NA	NA	ref_0003	NA	TACCA	nan	0.014838000312885985	0.7193199986470227	full	1	NC	nan
33	NA	NA	ref_0003	NA	ACCAG	nan	0.9611279889382083	0.7193199986470227	full	1	NC	nan
34	NA	NA	ref_0003	NA	CCAGC	nan	0.15922093156123904	1.9374148705962615e-05	full	1	NC	nan
35	NA	NA	ref_0003	NA	CAGCT	nan	0.00012383257769029874	1.22307790689512e-09	full	1	NC	nan
36	NA	NA	ref_0003	NA	AGCTA	0.00701066796374552	2.0781095052306162e-07	1.6226632688030751e-21	full	2	Modified_rep1:7/48__Modified_rep2:8/37__Unmodified_rep1:46/9__Unmodified_rep2:38/7	-3.1922114754999997
37	NA	NA	ref_0003	NA	GCTAG	nan	8.820572851659097e-06	3.6624439740802105e-12	full	1	NC	nan
38	NA	NA	ref_0003	NA	CTAGG	nan	0.023045442312331223	7.275766237834673e-05	full	1	NC	nan
39	NA	NA	ref_0003	NA	TAGGT	nan	0.9315711467658275	0.9283139049939192	full	1	NC	nan
40	NA	NA	ref_0003	NA	AGGTG	nan	0.8878066258398902	0.3580314285503929	full	1	NC	nan
41	NA	NA	ref_0003	NA	GGTGG	nan	0.6305029190222565	0.7193199986470227	full	1	NC	nan
42	NA	NA	ref_0003	NA	GTGGG	nan	0.9315711467658275	0.0026155637953792356	full	1	NC	nan
43	NA	NA	ref_0003	NA	TGGGT	nan	0.21682661962442779	0.4466246754794174	full	1	NC	nan
44	NA	NA	ref_0003	NA	GGGTA	nan	0.05289357774608792	0.9695221198459655	full	1	NC	nan
45	NA	NA	ref_0003	NA	GGTAA	nan	0.9988610897488148	0.9283139049939192	full	1	NC	nan
46	NA	NA	ref_0003	NA	GTAAT	nan	0.3580314285503929	0.8002888548734872	full	1	NC	nan
47	NA	NA	ref_0003	NA	TAATC	nan	0.4408987181014762	0.7193199986470227	full	1	NC	nan
48	NA	NA	ref_0003	NA	AATCG	nan	0.7170686058500053	0.3580314285503929	full	1	NC	nan
49	NA	NA	ref_0003	NA	ATCGT	nan	0.4408987181014762	0.6475435384552904	full	1	NC	nan
50	NA	NA	ref_0003	NA	TCGTA	nan	0.6305029190222565	0.8731040957304399	full	1	NC	nan
51	NA	NA	ref_0003	NA	CGTAG	nan	0.8878066258398902	0.3580314285503929	full	1	NC	nan
52	NA	NA	ref_0003	NA	GTAGT	nan	0.9611279889382083	0.9695221198459655	full	1	NC	nan
53	NA	NA	ref_0003	NA	TAGTA	nan	0.8878066258398902	0.5408859655628487	full	1	NC	nan
54	NA	NA	ref_0003	NA	AGTAA	nan	0.3580314285503929	0.10620837767152938	full	1	NC	nan
55	NA	NA	ref_0003	NA	GTAAA	nan	0.7170686058500053	0.9695221198459655	full	1	NC	nan
56	NA	NA	ref_0003	NA	TAAAA	nan	0.0006917234507024686	9.661326921504287e-06	full	1	NC	nan
57	NA	NA	ref_0003	NA	AAAAG	nan	1.7635755491634814e-05	1.22307790689512e-09	full	1	NC	nan
58	NA	NA	ref_0003	NA	AAAGA	0.00701066796374552	4.50378660889038e-07	1.6226632688030751e-21	full	2	Modified_rep1:4/51__Modified_rep2:4/41__Unmodified_rep1:32/23__Unmodified_rep2:24/21	-2.4581623075
59	NA	NA	ref_0003	NA	AAGAG	nan	0.0002214650604228627	2.2816939884357717e-06	full	1	NC	nan
60	NA	NA	ref_0003	NA	AGAGA	nan	0.023045442312331223	7.275766237834673e-05	full	1	NC	nan
61	NA	NA	ref_0003	NA	GAGAC	nan	0.9861884723418123	0.1493537189011059	full	1	NC	nan
62	NA	NA	ref_0003	NA	AGACG	nan	0.9611279889382083	0.5408859655628487	full	1	NC	nan
63	NA	NA	ref_0003	NA	GACGT	nan	0.8151939481590966	0.9913463618415079	full	1	NC	nan
64	NA	NA	ref_0003	NA	ACGTC	nan	0.8878066258398902	0.9913463618415079	full	1	NC	nan
65	NA	NA	ref_0003	NA	CGTCG	nan	0.6305029190222565	0.6475435384552904	full	1	NC	nan
66	NA	NA	ref_0003	NA	GTCGA	nan	0.9315711467658275	0.9913463618415079	full	1	NC	nan
67	NA	NA	ref_0003	NA	TCGAG	nan	0.9315711467658275	0.6475435384552904	full	1	NC	nan
68	NA	NA	ref_0003	NA	CGAGT	nan	0.7170686058500053	0.9283139049939192	full	1	NC	nan
69	NA	NA	ref_0003	NA	GAGTC	nan	0.9315711467658275	0.8731040957304399	full	1	NC	nan
70	NA	NA	ref_0003	NA	AGTCG	nan	0.7170686058500053	0.9283139049939192	full	1	NC	nan
71	NA	NA	ref_0003	NA	GTCGA	nan	0.8878066258398902	0.4466246754794174	full	1	NC	nan
72	NA	NA	ref_0003	NA	TCGAG	nan	0.9315711467658275	0.4466246754794174	full	1	NC	nan
73	NA	NA	ref_0003	NA	CGAGG	nan	0.7170686058500053	0.8731040957304399	full	1	NC	nan
74	NA	NA	ref_0003	NA	GAGGT	nan	0.5345843814980389	0.01979544403751528	full	1	NC	nan
75	NA	NA	ref_0003	NA	AGGTG	nan	0.6305029190222565	0.9695221198459655	full	1	NC	nan
76	NA	NA	ref_0003	NA	GGTGG	nan	0.15922093156123904	0.7193199986470227	full	1	NC	nan
77	NA	NA	ref_0003	NA	GTGGC	nan	0.7170686058500053	0.9283139049939192	full	1	NC	nan
78	NA	NA	ref_0003	NA	TGGCT	nan	0.9611279889382083	0.6475435384552904	full	1	NC	nan
79	NA	NA	ref_0003	NA	GGCTG	nan	0.9861884723418123	0.5408859655628487	full	1	NC	nan
80	NA	NA	ref_0003	NA	GCTGA	nan	0.9861884723418123	0.9695221198459655	full	1	NC	nan
81	NA	NA	ref_0003	NA	CTGAG	nan	0.5345843814980389	0.5408859655628487	full	1	NC	nan
82	NA	NA	ref_0003	NA	TGAGG	nan	0.4408987181014762	7.275766237834673e-05	full	1	NC	nan
83	NA	NA	ref_0003	NA	GAGGA	nan	2.010223218299628e-08	0.10620837767152938	full	1	NC	nan
84	NA	NA	ref_0003	NA	AGGAA	0.005202367722957825	2.0613919855116256e-06	1.1165861701157812e-22	full	2	Modified_rep1:49/6__Modified_rep2:40/5__Unmodified_rep1:8/47__Unmodified_rep2:8/37	3.5011317345000004
85	NA	NA	ref_0003	NA	GGAAA	nan	0.0002214650604228627	0.0002592488344355605	full	1	NC	nan
86	NA	NA	ref_0003	NA	GAAAA	nan	0.03529231729483449	9.14368182301471e-08	full	1	NC	nan
87	NA	NA	ref_0003	NA	AAAAC	nan	0.5345843814980389	0.4466246754794174	full	1	NC	nan
88	NA	NA	ref_0003	NA	AAACA	nan	0.0034141208833490025	0.001541888761682701	full	1	NC	nan
89	NA	NA	ref_0003	NA	AACAT	nan	4.50378660889038e-07	9.676406511674506e-12	full	1	NC	nan
90	NA	NA	ref_0003	NA	ACATG	0.005202367722957825	6.805092493832177e-10	1.0478231151583543e-25	full	2	Modified_rep1:50/5__Modified_rep2:40/5__Unmodified_rep1:6/49__Unmodified_rep2:4/41	4.078111660999999
91	NA	NA	ref_0003	NA	CATGC	nan	0.0006917234507024686	4.819499870243772e-10	full	1	NC	nan
92	NA	NA	ref_0003	NA	ATGCA	nan	4.189662237386373e-06	0.10620837767152938	full	1	NC	nan
93	NA	NA	ref_0003	NA	TGCAG	nan	0.21682661962442779	0.5408859655628487	full	1	NC	nan
94	NA	NA	ref_0003	NA	GCAGC	nan	0.023045442312331223	0.012324723386924842	full	1	NC	nan
95	NA	NA	ref_0003	NA	CAGCT	nan	0.0006917234507024686	9.676406511674506e-12	full	1	NC	nan
96	NA	NA	ref_0003	NA	AGCTC	0.011801755567765165	9.950025105401226e-08	4.142134660696297e-22	full	2	Modified_rep1:49/6__Modified_rep2:36/9__Unmodified_rep1:7/48__Unmodified_rep2:5/40	3.5043185145
97	NA	NA	ref_0003	NA	GCTCA	nan	3.5786353572116465e-09	1.3349475913837514e-12	full	1	NC	nan
98	NA	NA	ref_0003	NA	CTCAG	nan	0.009273833376790039	9.676406511674506e-12	full	1	NC	nan
99	NA	NA	ref_0003	NA	TCAGT	nan	0.8151939481590966	0.9283139049939192	full	1	NC	nan
100	NA	NA	ref_0003	NA	CAGTC	nan	0.6305029190222565	0.6475435384552904	full	1	NC	nan
101	NA	NA	ref_0003	NA	AGTCT	nan	0.5345843814980389	0.9283139049939192	full	1	NC	nan
102	NA	NA	ref_0003	NA	GTCTT	nan	0.8878066258398902	0.9283139049939192	full	1	NC	nan
103	NA	NA	ref_0003	NA	TCTTG	nan	0.8878066258398902	0.27783336226834116	full	1	NC	nan
104	NA	NA	ref_0003	NA	CTTGC	0.7876259136571288	0.8151939481590966	0.9283139049939192	full	2	Modified_rep1:37/18__Modified_rep2:31/14__Unmodified_rep1:39/16__Unmodified_rep2:30/15	-0.0331158545000001
105	NA	NA	ref_0003	NA	TTGCA	nan	0.4408987181014762	0.9913463618415079	full	1	NC	nan
106	NA	NA	ref_0003	NA	TGCAG	nan	0.9315711467658275	0.9913463618415079	full	1	NC	nan
107	NA	NA	ref_0003	NA	GCAGG	nan	0.07941368913553479	0.0004779180204853419	full	1	NC	nan
108	NA	NA	ref_0003	NA	CAGGT	nan	2.0781095052306162e-07	0.2068911680513408	full	1	NC	nan
109	NA	NA	ref_0003	NA	AGGTA	0.008524633887118395	9.911300323942668e-07	1.1165861701157812e-22	full	2	Modified_rep1:5/50__Modified_rep2:2/43__Unmodified_rep1:42/13__Unmodified_rep2:35/10	-3.5667049800000004
110	NA	NA	ref_0003	NA	GGTAA	nan	2.010223218299628e-08	0.0026155637953792356	full	1	NC	nan
111	NA	NA	ref_0003	NA	GTAAG	nan	0.002048612767869504	9.661326921504287e-06	full	1	NC	nan
112	NA	NA	ref_0003	NA	TAAGG	nan	0.9611279889382083	0.9283139049939192	full	1	NC	nan
113	NA	NA	ref_0003	NA	AAGGT	nan	0.8151939481590966	0.2068911680513408	full	1	NC	nan
114	NA	NA	ref_0003	NA	AGGTA	nan	0.9861884723418123	0.8731040957304399	full	1	NC	nan
115	NA	NA	ref_0003	NA	GGTAT	nan	0.9861884723418123	0.27783336226834116	full	1	NC	nan
116	NA	NA	ref_0003	NA	GTATT	nan	0.9315711467658275	0.6475435384552904	full	1	NC	nan
117	NA	NA	ref_0003	NA	TATTA	nan	0.7170686058500053	0.8002888548734872	full	1	NC	nan
118	NA	NA	ref_0003	NA	ATTAG	nan	0.8878066258398902	0.9283139049939192	full	1	NC	nan
119	NA	NA	ref_0003	NA	TTAGA	nan	0.9315711467658275	0.8731040957304399	full	1	NC	nan
120	NA	NA	ref_0003	NA	TAGAA	nan	0.4408987181014762	0.8731040957304399	full	1	NC	nan
121	NA	NA	ref_0003	NA	AGAAC	nan	0.15922093156123904	7.275766237834673e-05	full	1	NC	nan
122	NA	NA	ref_0003	NA	GAACG	nan	0.00012383257769029874	7.1550317939478284e-09	full	1	NC	nan
123	NA	NA	ref_0003	NA	AACGC	0.017843739981992617	5.051405274752482e-14	1.2280232876051755e-18	full	2	Modified_rep1:5/50__Modified_rep2:2/43__Unmodified_rep1:41/14__Unmodified_rep2:28/17	-3.1660934985000004
124	NA	NA	ref_0003	NA	ACGCG	nan	0.0002214650604228627	1.671040447072949e-13	full	1	NC	nan
125	NA	NA	ref_0003	NA	CGCGT	nan	1.7635755491634814e-05	0.00013789333950857486	full	1	NC	nan
126	NA	NA	ref_0003	NA	GCGTT	nan	0.9315711467658275	0.9695221198459655	full	1	NC	nan
127	NA	NA	ref_0003	NA	CGTTT	nan	0.8151939481590966	0.7193199986470227	full	1	NC	nan
128	NA	NA	ref_0003	NA	GTTTG	nan	0.7170686058500053	0.8002888548734872	full	1	NC	nan
129	NA	NA	ref_0003	NA	TTTGG	nan	0.9988610897488148	0.3580314285503929	full	1	NC	nan
130	NA	NA	ref_0003	NA	TTGGG	nan	0.8878066258398902	0.6475435384552904	full	1	NC	nan
131	NA	NA	ref_0003	NA	TGGGC	nan	0.6305029190222565	0.03127167355238499	full	1	NC	nan
132	NA	NA	ref_0003	NA	GGGCC	nan	0.9611279889382083	0.6475435384552904	full	1	NC	nan
133	NA	NA	ref_0003	NA	GGCCC	nan	0.2821520155678491	0.8731040957304399	full	1	NC	nan
134	NA	NA	ref_0003	NA	GCCCA	nan	0.7170686058500053	0.7193199986470227	full	1	NC	nan
135	NA	NA	ref_0003	NA	CCCAC	nan	0.9611279889382083	0.5408859655628487	full	1	NC	nan
136	NA	NA	ref_0003	NA	CCACC	nan	0.05289357774608792	1.6944676500557287e-16	full	1	NC	nan
137	NA	NA	ref_0003	NA	CACCG	nan	2.0613919855116256e-06	9.676406511674506e-12	full	1	NC	nan
138	NA	NA	ref_0003	NA	ACCGA	0.005410333314933484	7.925126126885365e-15	3.6488958593152155e-23	full	2	Modified_rep1:5/50__Modified_rep2:5/40__Unmodified_rep1:48/7__Unmodified_rep2:38/7	-3.72918881
139	NA	NA	ref_0003	NA	CCGAT	nan	0.0034141208833490025	4.819499870243772e-10	full	1	NC	nan
140	NA	NA	ref_0003	NA	CGATG	nan	0.0006917234507024686	0.01979544403751528	full	1	NC	nan
141	NA	NA	ref_0003	NA	GATGC	nan	0.2821520155678491	0.5408859655628487	full	1	NC	nan
142	NA	NA	ref_0003	NA	ATGCA	nan	0.9996332921577278	0.8002888548734872	full	1	NC	nan
143	NA	NA	ref_0003	NA	TGCAC	nan	0.5345843814980389	0.8731040957304399	full	1	NC	nan
144	NA	NA	ref_0003	NA	GCACG	nan	0.8878066258398902	0.9283139049939192	full	1	NC	nan
145	NA	NA	ref_0003	NA	CACGG	nan	0.9611279889382083	0.5408859655628487	full	1	NC	nan
146	NA	NA	ref_0003	NA	ACGGA	nan	0.9315711467658275	0.7193199986470227	full	1	NC	nan
147	NA	NA	ref_0003	NA	CGGAC	nan	0.3580314285503929	0.9283139049939192	full	1	NC	nan
148	NA	NA	ref_0003	NA	GGACC	nan	0.8151939481590966	0.8731040957304399	full	1	NC	nan
149	NA	NA	ref_0003	NA	GACCT	nan	0.8878066258398902	0.3580314285503929	full	1	NC	nan
150	NA	NA	ref_0003	NA	ACCTA	nan	0.9861884723418123	0.4466246754794174	full	1	NC	nan
151	NA	NA	ref_0003	NA	CCTAC	nan	0.9996332921577278	0.9283139049939192	full	1	NC	nan
152	NA	NA	ref_0003	NA	CTACG	nan	0.8878066258398902	0.9695221198459655	full	1	NC	nan
153	NA	NA	ref_0003	NA	TACGC	nan	0.3580314285503929	0.8002888548734872	full	1	NC	nan
154	NA	NA	ref_0003	NA	ACGCT	nan	0.8151939481590966	0.07263447177030621	full	1	NC	nan
155	NA	NA	ref_0003	NA	CGCTG	nan	0.9315711467658275	0.8731040957304399	full	1	NC	nan
156	NA	NA	ref_0003	NA	GCTGT	nan	0.9315711467658275	0.7193199986470227	full	1	NC	nan
157	NA	NA	ref_0003	NA	CTGTA	nan	0.8878066258398902	0.3580314285503929	full	1	NC	nan
158	NA	NA	ref_0003	NA	TGTAC	nan	0.6305029190222565	0.8731040957304399	full	1	NC	nan
159	NA	NA	ref_0003	NA	GTACG	nan	0.8878066258398902	0.5408859655628487	full	1	NC	nan
160	NA	NA	ref_0003	NA	TACGA	nan	0.15922093156123904	0.9283139049939192	full	1	NC	nan
161	NA	NA	ref_0003	NA	ACGAC	nan	0.9861884723418123	0.9283139049939192	full	1	NC	nan
162	NA	NA	ref_0003	NA	CGACT	nan	0.9861884723418123	0.9283139049939192	full	1	NC	nan
163	NA	NA	ref_0003	NA	GACTT	nan	0.9611279889382083	0.3580314285503929	full	1	NC	nan
164	NA	NA	ref_0003	NA	ACTTC	nan	0.1150590758108235	0.8002888548734872	full	1	NC	nan
165	NA	NA	ref_0003	NA	CTTCG	nan	0.6305029190222565	0.9968163382856648	full	1	NC	nan
166	NA	NA	ref_0003	NA	TTCGA	nan	0.9861884723418123	0.8002888548734872	full	1	NC	nan
167	NA	NA	ref_0003	NA	TCGAC	nan	0.8878066258398902	0.8002888548734872	full	1	NC	nan
168	NA	NA	ref_0003	NA	CGACC	nan	0.5345843814980389	0.3580314285503929	full	1	NC	nan
169	NA	NA	ref_0003	NA	GACCG	nan	0.8878066258398902	0.5408859655628487	full	1	NC	nan
170	NA	NA	ref_0003	NA	ACCGA	nan	0.3580314285503929	0.9283139049939192	full	1	NC	nan
171	NA	NA	ref_0003	NA	CCGAC	nan	0.8151939481590966	0.9283139049939192	full	1	NC	nan
172	NA	NA	ref_0003	NA	CGACT	nan	0.0006917234507024686	0.0026155637953792356	full	1	NC	nan
173	NA	NA	ref_0003	NA	GACTG	nan	6.423856225049844e-05	1.3349475913837514e-12	full	1	NC	nan
174	NA	NA	ref_0003	NA	ACTGC	0.005214415171841526	2.010223218299628e-08	5.292388982686124e-25	full	2	Modified_rep1:49/6__Modified_rep2:41/4__Unmodified_rep1:8/47__Unmodified_rep2:5/40	3.8450667965
175	NA	NA	ref_0003	NA	CTGCC	nan	0.002048612767869504	4.754949668663568e-13	full	1	NC	nan
176	NA	NA	ref_0003	NA	TGCCA	nan	0.0034141208833490025	2.922098529572009e-09	full	1	NC	nan
177	NA	NA	ref_0003	NA	GCCAG	nan	0.8151939481590966	0.2068911680513408	full	1	NC	nan
178	NA	NA	ref_0003	NA	CCAGA	nan	0.9315711467658275	0.9968163382856648	full	1	NC	nan
179	NA	NA	ref_0003	NA	CAGAT	nan	0.2821520155678491	0.8731040957304399	full	1	NC	nan
180	NA	NA	ref_0003	NA	AGATA	nan	0.2821520155678491	0.9695221198459655	full	1	NC	nan
181	NA	NA	ref_0003	NA	GATAT	nan	0.9315711467658275	0.9913463618415079	full	1	NC	nan
182	NA	NA	ref_0003	NA	ATATC	nan	0.023045442312331223	4.7495392278164365e-06	full	1	NC	nan
183	NA	NA	ref_0003	NA	TATCC	nan	6.805092493832177e-10	0.0008669649319334624	full	1	NC	nan
184	NA	NA	ref_0003	NA	ATCCG	0.005202367722957825	8.003404246507283e-13	1.0478231151583543e-25	full	2	Modified_rep1:4/51__Modified_rep2:4/41__Unmodified_rep1:40/15__Unmodified_rep2:32/13	-3.1342355439999996
185	NA	NA	ref_0003	NA	TCCGC	nan	3.466952926330152e-05	1.4627259309612494e-17	full	1	NC	nan
186	NA	NA	ref_0003	NA	CCGCA	nan	0.2821520155678491	1.7006740476560712e-08	full	1	NC	nan
187	NA	NA	ref_0003	NA	CGCAT	nan	0.8151939481590966	0.10620837767152938	full	1	NC	nan
188	NA	NA	ref_0003	NA	GCATA	nan	0.8878066258398902	0.04798086154676086	full	1	NC	nan
189	NA	NA	ref_0003	NA	CATAG	nan	0.8151939481590966	0.5408859655628487	full	1	NC	nan
190	NA	NA	ref_0003	NA	ATAGT	nan	0.5345843814980389	0.5408859655628487	full	1	NC	nan
191	NA	NA	ref_0003	NA	TAGTA	nan	0.9988610897488148	0.5408859655628487	full	1	NC	nan
192	NA	NA	ref_0003	NA	AGTAG	nan	0.8878066258398902	0.9283139049939192	full	1	NC	nan
193	NA	NA	ref_0003	NA	GTAGT	nan	0.07941368913553479	0.00013789333950857486	full	1	NC	nan
194	NA	NA	ref_0003	NA	TAGTC	nan	2.0613919855116256e-06	3.843782823185563e-05	full	1	NC	nan
195	NA	NA	ref_0003	NA	AGTCT	0.010109673094336578	6.801875822764829e-12	3.247201387011496e-19	full	2	Modified_rep1:49/6__Modified_rep2:40/5__Unmodified_rep1:14/41__Unmodified_rep2:7/38	3.2508324870000003
0	NA	NA	ref_0004	NA	AGCTT	nan	0.3580314285503929	0.4466246754794174	full	1	NC	nan
1	NA	NA	ref_0004	NA	GCTTC	nan	0.4408987181014762	0.9283139049939192	full	1	NC	nan
2	NA	NA	ref_0004	NA	CTTCG	nan	0.7170686058500053	0.7193199986470227	full	1	NC	nan
3	NA	NA	ref_0004	NA	TTCGG	nan	0.21682661962442779	0.9913463618415079	full	1	NC	nan
4	NA	NA	ref_0004	NA	TCGGG	nan	0.4408987181014762	0.7193199986470227	full	1	NC	nan
5	NA	NA	ref_0004	NA	CGGGA	nan	0.6305029190222565	0.4466246754794174	full	1	NC	nan
6	NA	NA	ref_0004	NA	GGGAC	nan	0.4408987181014762	0.8002888548734872	full	1	NC	nan
7	NA	NA	ref_0004	NA	GGACT	nan	0.7170686058500053	0.7193199986470227	full	1	NC	nan
8	NA	NA	ref_0004	NA	GACTA	nan	0.9611279889382083	0.6475435384552904	full	1	NC	nan
9	NA	NA	ref_0004	NA	ACTAT	nan	0.8151939481590966	0.27783336226834116	full	1	NC	nan
10	NA	NA	ref_0004	NA	CTATC	nan	0.8151939481590966	0.8002888548734872	full	1	NC	nan
11	NA	NA	ref_0004	NA	TATCA	nan	0.5345843814980389	0.4466246754794174	full	1	NC	nan
12	NA	NA	ref_0004	NA	ATCAT	nan	0.3580314285503929	0.4466246754794174	full	1	NC	nan
13	NA	NA	ref_0004	NA	TCATT	nan	0.05289357774608792	5.944354225719006e-14	full	1	NC	nan
14	NA	NA	ref_0004	NA	CATTT	nan	6.805092493832177e-10	3.843782823185563e-05	full	1	NC	nan
15	NA	NA	ref_0004	NA	ATTTA	0.008408336306956532	4.559778243715553e-08	3.6488958593152155e-23	full	2	Modified_rep1:46/9__Modified_rep2:39/6__Unmodified_rep1:8/47__Unmodified_rep2:4/41	3.546369977
16	NA	NA	ref_0004	NA	TTTAC	0.017843739981992617	1.526174958910528e-09	8.778047569246058e-20	full	2	Modified_rep1:6/49__Modified_rep2:2/43__Unmodified_rep1:45/10__Unmodified_rep2:33/12	-3.5219237459999997
17	NA	NA	ref_0004	NA	TTACC	nan	0.0012154935477861107	2.7018546698670364e-11	full	1	NC	nan
18	NA	NA	ref_0004	NA	TACCG	nan	0.8878066258398902	0.4466246754794174	full	1	NC	nan
19	NA	NA	ref_0004	NA	ACCGT	nan	0.5345843814980389	0.8731040957304399	full	1	NC	nan
20	NA	NA	ref_0004	NA	CCGTC	nan	0.21682661962442779	0.7193199986470227	full	1	NC	nan
21	NA	NA	ref_0004	NA	CGTCT	nan	0.4408987181014762	0.07263447177030621	full	1	NC	nan
22	NA	NA	ref_0004	NA	GTCTA	nan	0.3580314285503929	0.9283139049939192	full	1	NC	nan
23	NA	NA	ref_0004	NA	TCTAT	nan	0.4408987181014762	0.9283139049939192	full	1	NC	nan
24	NA	NA	ref_0004	NA	CTATT	nan	0.0002214650604228627	3.6624439740802105e-12	full	1	NC	nan
25	NA	NA	ref_0004	NA	TATTT	nan	2.0781095052306162e-07	0.01979544403751528	full	1	NC	nan
26	NA	NA	ref_0004	NA	ATTTC	0.0075438183030120945	4.50378660889038e-07	1.9268480542626357e-25	full	2	Modified_rep1:50/5__Modified_rep2:39/6__Unmodified_rep1:7/48__Unmodified_rep2:4/41	3.911822965
27	NA	NA	ref_0004	NA	TTTCC	0.006970496704584933	0.0002214650604228627	2.335467250043609e-20	full	2	Modified_rep1:7/48__Modified_rep2:8/37__Unmodified_rep1:47/8__Unmodified_rep2:39/6	-3.3348430385
28	NA	NA	ref_0004	NA	TTCCC	nan	6.423856225049844e-05	1.9407716122809513e-14	full	1	NC	nan
29	NA	NA	ref_0004	NA	TCCCT	nan	0.07941368913553479	0.2068911680513408	full	1	NC	nan
30	NA	NA	ref_0004	NA	CCCTA	nan	0.9315711467658275	0.7193199986470227	full	1	NC	nan
31	NA	NA	ref_0004	NA	CCTAC	nan	0.9315711467658275	0.7193199986470227	full	1	NC	nan
32	NA	NA	ref_0004	NA	CTACC	nan	0.7170686058500053	0.5408859655628487	full	1	NC	nan
33	NA	NA	ref_0004	NA	TACCA	nan	0.8878066258398902	0.7193199986470227	full	1	NC	nan
34	NA	NA	ref_0004	NA	ACCAC	nan	0.9611279889382083	0.27783336226834116	full	1	NC	nan
35	NA	NA	ref_0004	NA	CCACC	nan	0.8151939481590966	0.7193199986470227	full	1	NC	nan
36	NA	NA	ref_0004	NA	CACCT	nan	0.9315711467658275	0.7193199986470227	full	1	NC	nan
37	NA	NA	ref_0004	NA	ACCTT	nan	0.8151939481590966	0.7193199986470227	full	1	NC	nan
38	NA	NA	ref_0004	NA	CCTTT	nan	0.6305029190222565	0.7193199986470227	full	1	NC	nan
39	NA	NA	ref_0004	NA	CTTTA	nan	0.8878066258398902	0.4466246754794174	full	1	NC	nan
40	NA	NA	ref_0004	NA	TTTAG	nan	0.2821520155678491	0.7193199986470227	full	1	NC	nan
41	NA	NA	ref_0004	NA	TTAGC	nan	0.3580314285503929	4.7495392278164365e-06	full	1	NC	nan
42	NA	NA	ref_0004	NA	TAGCA	nan	4.189662237386373e-06	1.9407716122809513e-14	full	1	NC	nan
43	NA	NA	ref_0004	NA	AGCAG	0.02744205702082028	1.526174958910528e-09	8.778047569246058e-20	full	2	Modified_rep1:50/5__Modified_rep2:41/4__Unmodified_rep1:21/34__Unmodified_rep2:8/37	3.0864825294999996
44	NA	NA	ref_0004	NA	GCAGT	nan	0.002048612767869504	4.819499870243772e-10	full	1	NC	nan
45	NA	NA	ref_0004	NA	CAGTG	nan	0.014838000312885985	1.9374148705962615e-05	full	1	NC	nan
46	NA	NA	ref_0004	NA	AGTGC	nan	0.9611279889382083	0.6475435384552904	full	1	NC	nan
47	NA	NA	ref_0004	NA	GTGCG	nan	0.8878066258398902	0.9695221198459655	full	1	NC	nan
48	NA	NA	ref_0004	NA	TGCGG	nan	0.9861884723418123	0.4466246754794174	full	1	NC	nan
49	NA	NA	ref_0004	NA	GCGGT	nan	0.9861884723418123	0.1493537189011059	full	1	NC	nan
50	NA	NA	ref_0004	NA	CGGTG	nan	0.8878066258398902	0.6475435384552904	full	1	NC	nan
51	NA	NA	ref_0004	NA	GGTGA	nan	0.9315711467658275	0.9695221198459655	full	1	NC	nan
52	NA	NA	ref_0004	NA	GTGAT	nan	0.2821520155678491	0.9283139049939192	full	1	NC	nan
53	NA	NA	ref_0004	NA	TGATA	nan	0.2821520155678491	0.7193199986470227	full	1	NC	nan
54	NA	NA	ref_0004	NA	GATAA	nan	0.8878066258398902	0.9283139049939192	full	1	NC	nan
55	NA	NA	ref_0004	NA	ATAAG	nan	0.9315711467658275	0.5408859655628487	full	1	NC	nan
56	NA	NA	ref_0004	NA	TAAGT	nan	0.014838000312885985	4.7495392278164365e-06	full	1	NC	nan
57	NA	NA	ref_0004	NA	AAGTC	nan	3.5786353572116465e-09	1.9374148705962615e-05	full	1	NC	nan
58	NA	NA	ref_0004	NA	AGTCG	nan	1.1060717554768179e-10	1.671040447072949e-13	full	1	NC	nan
59	NA	NA	ref_0004	NA	GTCGT	0.037587780012003094	9.911300323942668e-07	6.119097622783046e-21	full	2	Modified_rep1:2/53__Modified_rep2:5/40__Unmodified_rep1:32/23__Unmodified_rep2:33/12	-3.0460246265000004
60	NA	NA	ref_0004	NA	TCGTT	nan	0.023045442312331223	1.7006740476560712e-08	full	1	NC	nan
61	NA	NA	ref_0004	NA	CGTTA	nan	0.2821520155678491	0.1493537189011059	full	1	NC	nan
62	NA	NA	ref_0004	NA	GTTAT	nan	0.9861884723418123	0.7193199986470227	full	1	NC	nan
63	NA	NA	ref_0004	NA	TTATA	nan	0.005690906310543182	1.9443121410949075e-10	full	1	NC	nan
64	NA	NA	ref_0004	NA	TATAC	nan	0.0002214650604228627	3.843782823185563e-05	full	1	NC	nan
65	NA	NA	ref_0004	NA	ATACA	0.006970496704584933	5.051405274752482e-14	3.6488958593152155e-23	full	2	Modified_rep1:7/48__Modified_rep2:4/41__Unmodified_rep1:48/7__Unmodified_rep2:41/4	-3.9406104619999995
66	NA	NA	ref_0004	NA	TACAG	nan	0.00038887325165334066	4.819499870243772e-10	full	1	NC	nan
67	NA	NA	ref_0004	NA	ACAGA	nan	0.002048612767869504	0.1493537189011059	full	1	NC	nan
68	NA	NA	ref_0004	NA	CAGAC	nan	0.8151939481590966	0.6475435384552904	full	1	NC	nan
69	NA	NA	ref_0004	NA	AGACG	nan	0.8878066258398902	0.9695221198459655	full	1	NC	nan
70	NA	NA	ref_0004	NA	GACGG	nan	0.9861884723418123	0.9695221198459655	full	1	NC	nan
71	NA	NA	ref_0004	NA	ACGGA	nan	0.7170686058500053	0.7193199986470227	full	1	NC	nan
72	NA	NA	ref_0004	NA	CGGAT	nan	0.8151939481590966	0.8002888548734872	full	1	NC	nan
73	NA	NA	ref_0004	NA	GGATG	nan	0.2821520155678491	0.1493537189011059	full	1	NC	nan
74	NA	NA	ref_0004	NA	GATGC	nan	0.005690906310543182	4.819499870243772e-10	full	1	NC	nan
75	NA	NA	ref_0004	NA	ATGCG	0.00720242260125328	4.559778243715553e-08	6.119097622783046e-21	full	2	Modified_rep1:51/4__Modified_rep2:41/4__Unmodified_rep1:16/39__Unmodified_rep2:10/35	3.2556636439999997
76	NA	NA	ref_0004	NA	TGCGA	nan	4.50378660889038e-07	0.001541888761682701	full	1	NC	nan
77	NA	NA	ref_0004	NA	GCGAA	nan	0.009273833376790039	1.0655504466171205e-06	full	1	NC	nan
78	NA	NA	ref_0004	NA	CGAAG	nan	0.8878066258398902	0.27783336226834116	full	1	NC	nan
79	NA	NA	ref_0004	NA	GAAGT	nan	0.4408987181014762	0.0004779180204853419	full	1	NC	nan
80	NA	NA	ref_0004	NA	AAGTA	nan	1.7635755491634814e-05	9.661326921504287e-06	full	1	NC	nan
81	NA	NA	ref_0004	NA	AGTAC	0.022959311350555036	2.0781095052306162e-07	7.45426719998013e-11	full	2	Modified_rep1:52/3__Modified_rep2:41/4__Unmodified_rep1:31/24__Unmodified_rep2:29/16	1.948692571
82	NA	NA	ref_0004	NA	GTACG	nan	0.002048612767869504	6.119097622783046e-21	full	1	NC	nan
83	NA	NA	ref_0004	NA	TACGT	nan	0.009273833376790039	3.969699135315515e-08	full	1	NC	nan
84	NA	NA	ref_0004	NA	ACGTG	nan	0.9611279889382083	0.8002888548734872	full	1	NC	nan
85	NA	NA	ref_0004	NA	CGTGT	nan	0.05289357774608792	0.9695221198459655	full	1	NC	nan
86	NA	NA	ref_0004	NA	GTGTT	nan	0.7170686058500053	0.9913463618415079	full	1	NC	nan
87	NA	NA	ref_0004	NA	TGTTA	nan	0.7170686058500053	0.2068911680513408	full	1	NC	nan
88	NA	NA	ref_0004	NA	GTTAA	nan	0.9611279889382083	0.9913463618415079	full	1	NC	nan
89	NA	NA	ref_0004	NA	TTAAC	nan	0.6305029190222565	0.9695221198459655	full	1	NC	nan
90	NA	NA	ref_0004	NA	TAACC	nan	0.8878066258398902	0.9283139049939192	full	1	NC	nan
91	NA	NA	ref_0004	NA	AACCG	nan	0.8878066258398902	0.01979544403751528	full	1	NC	nan
92	NA	NA	ref_0004	NA	ACCGG	nan	0.4408987181014762	0.4466246754794174	full	1	NC	nan
93	NA	NA	ref_0004	NA	CCGGT	nan	0.21682661962442779	0.9283139049939192	full	1	NC	nan
94	NA	NA	ref_0004	NA	CGGTG	nan	0.8878066258398902	0.8002888548734872	full	1	NC	nan
95	NA	NA	ref_0004	NA	GGTGA	nan	0.9611279889382083	0.4466246754794174	full	1	NC	nan
96	NA	NA	ref_0004	NA	GTGAA	nan	0.7170686058500053	0.4466246754794174	full	1	NC	nan
97	NA	NA	ref_0004	NA	TGAAT	nan	0.07941368913553479	0.9913463618415079	full	1	NC	nan
98	NA	NA	ref_0004	NA	GAATT	nan	0.8151939481590966	0.9695221198459655	full	1	NC	nan
99	NA	NA	ref_0004	NA	AATTA	nan	0.9315711467658275	0.8731040957304399	full	1	NC	nan
100	NA	NA	ref_0004	NA	ATTAA	nan	0.8878066258398902	0.27783336226834116	full	1	NC	nan
101	NA	NA	ref_0004	NA	TTAAG	nan	0.9611279889382083	0.9913463618415079	full	1	NC	nan
102	NA	NA	ref_0004	NA	TAAGC	nan	0.3580314285503929	0.0026155637953792356	full	1	NC	nan
103	NA	NA	ref_0004	NA	AAGCA	nan	0.009273833376790039	3.6624439740802105e-12	full	1	NC	nan
104	NA	NA	ref_0004	NA	AGCAA	0.005410333314933484	1.526174958910528e-09	6.119097622783046e-21	full	2	Modified_rep1:44/11__Modified_rep2:38/7__Unmodified_rep1:7/48__Unmodified_rep2:5/40	3.3200336485
105	NA	NA	ref_0004	NA	GCAAC	nan	6.423856225049844e-05	1.909413773529683e-15	full	1	NC	nan
106	NA	NA	ref_0004	NA	CAACA	nan	0.002048612767869504	9.14368182301471e-08	full	1	NC	nan
107	NA	NA	ref_0004	NA	AACAC	nan	0.21682661962442779	0.4466246754794174	full	1	NC	nan
108	NA	NA	ref_0004	NA	ACACA	nan	0.3580314285503929	0.9283139049939192	full	1	NC	nan
109	NA	NA	ref_0004	NA	CACAA	nan	0.4408987181014762	0.8002888548734872	full	1	NC	nan
110	NA	NA	ref_0004	NA	ACAAG	nan	0.4408987181014762	0.9913463618415079	full	1	NC	nan
111	NA	NA	ref_0004	NA	CAAGT	nan	0.8878066258398902	0.7193199986470227	full	1	NC	nan
112	NA	NA	ref_0004	NA	AAGTC	nan	0.2821520155678491	0.6475435384552904	full	1	NC	nan
113	NA	NA	ref_0004	NA	AGTCC	nan	0.4408987181014762	0.9695221198459655	full	1	NC	nan
114	NA	NA	ref_0004	NA	GTCCG	nan	0.9315711467658275	0.9695221198459655	full	1	NC	nan
115	NA	NA	ref_0004	NA	TCCGT	nan	0.5345843814980389	0.9695221198459655	full	1	NC	nan
116	NA	NA	ref_0004	NA	CCGTG	nan	0.6305029190222565	0.9996332921577278	full	1	NC	nan
117	NA	NA	ref_0004	NA	CGTGG	nan	0.8878066258398902	0.8731040957304399	full	1	NC	nan
118	NA	NA	ref_0004	NA	GTGGC	nan	0.5345843814980389	0.4466246754794174	full	1	NC	nan
119	NA	NA	ref_0004	NA	TGGCA	nan	0.2821520155678491	0.8002888548734872	full	1	NC	nan
120	NA	NA	ref_0004	NA	GGCAA	nan	0.3580314285503929	0.4466246754794174	full	1	NC	nan
121	NA	NA	ref_0004	NA	GCAAG	nan	0.00038887325165334066	0.0002592488344355605	full	1	NC	nan
122	NA	NA	ref_0004	NA	CAAGA	nan	6.423856225049844e-05	4.7495392278164365e-06	full	1	NC	nan
123	NA	NA	ref_0004	NA	AAGAA	0.005202367722957825	5.051405274752482e-14	2.922098529572009e-09	full	2	Modified_rep1:6/49__Modified_rep2:4/41__Unmodified_rep1:36/19__Unmodified_rep2:29/16	-2.6387571195
124	NA	NA	ref_0004	NA	AGAAT	nan	0.014838000312885985	2.7018546698670364e-11	full	1	NC	nan
125	NA	NA	ref_0004	NA	GAATG	nan	0.00038887325165334066	3.843782823185563e-05	full	1	NC	nan
126	NA	NA	ref_0004	NA	AATGC	nan	0.9988610897488148	0.8002888548734872	full	1	NC	nan
127	NA	NA	ref_0004	NA	ATGCT	nan	0.6305029190222565	0.9283139049939192	full	1	NC	nan
128	NA	NA	ref_0004	NA	TGCTG	nan	0.023045442312331223	0.8002888548734872	full	1	NC	nan
129	NA	NA	ref_0004	NA	GCTGG	nan	0.9611279889382083	0.7193199986470227	full	1	NC	nan
130	NA	NA	ref_0004	NA	CTGGG	nan	0.6305029190222565	0.8731040957304399	full	1	NC	nan
131	NA	NA	ref_0004	NA	TGGGG	nan	0.8151939481590966	0.4466246754794174	full	1	NC	nan
132	NA	NA	ref_0004	NA	GGGGG	nan	0.15922093156123904	0.8002888548734872	full	1	NC	nan
133	NA	NA	ref_0004	NA	GGGGC	nan	0.2821520155678491	0.7193199986470227	full	1	NC	nan
134	NA	NA	ref_0004	NA	GGGCG	nan	0.9315711467658275	0.9695221198459655	full	1	NC	nan
135	NA	NA	ref_0004	NA	GGCGT	0.7567137734035669	0.8878066258398902	0.9695221198459655	full	2	Modified_rep1:34/21__Modified_rep2:20/25__Unmodified_rep1:24/31__Unmodified_rep2:34/11	-0.28642491300000006
136	NA	NA	ref_0004	NA	GCGTG	nan	0.8151939481590966	0.8002888548734872	full	1	NC	nan
137	NA	NA	ref_0004	NA	CGTGG	nan	0.7170686058500053	0.1493537189011059	full	1	NC	nan
138	NA	NA	ref_0004	NA	GTGGC	nan	0.8151939481590966	0.8731040957304399	full	1	NC	nan
139	NA	NA	ref_0004	NA	TGGCT	nan	0.7170686058500053	0.3580314285503929	full	1	NC	nan
140	NA	NA	ref_0004	NA	GGCTA	nan	0.21682661962442779	0.9283139049939192	full	1	NC	nan
141	NA	NA	ref_0004	NA	GCTAC	nan	0.8151939481590966	0.27783336226834116	full	1	NC	nan
142	NA	NA	ref_0004	NA	CTACG	nan	0.8151939481590966	0.8731040957304399	full	1	NC	nan
143	NA	NA	ref_0004	NA	TACGC	nan	0.5345843814980389	0.3580314285503929	full	1	NC	nan
144	NA	NA	ref_0004	NA	ACGCC	nan	0.9315711467658275	0.6475435384552904	full	1	NC	nan
145	NA	NA	ref_0004	NA	CGCCT	nan	0.9988610897488148	0.7193199986470227	full	1	NC	nan
146	NA	NA	ref_0004	NA	GCCTA	nan	0.8151939481590966	0.9968163382856648	full	1	NC	nan
147	NA	NA	ref_0004	NA	CCTAG	nan	0.9315711467658275	0.5408859655628487	full	1	NC	nan
148	NA	NA	ref_0004	NA	CTAGT	nan	0.3580314285503929	0.9695221198459655	full	1	NC	nan
149	NA	NA	ref_0004	NA	TAGTT	nan	0.6305029190222565	0.9283139049939192	full	1	NC	nan
150	NA	NA	ref_0004	NA	AGTTG	nan	0.8878066258398902	0.10620837767152938	full	1	NC	nan
151	NA	NA	ref_0004	NA	GTTGA	nan	0.8878066258398902	0.4466246754794174	full	1	NC	nan
152	NA	NA	ref_0004	NA	TTGAC	nan	0.9988610897488148	0.8002888548734872	full	1	NC	nan
153	NA	NA	ref_0004	NA	TGACC	nan	0.9315711467658275	0.6475435384552904	full	1	NC	nan
154	NA	NA	ref_0004	NA	GACCT	nan	0.21682661962442779	0.5408859655628487	full	1	NC	nan
155	NA	NA	ref_0004	NA	ACCTA	nan	0.9315711467658275	0.7193199986470227	full	1	NC	nan
156	NA	NA	ref_0004	NA	CCTAG	nan	0.9315711467658275	0.6475435384552904	full	1	NC	nan
157	NA	NA	ref_0004	NA	CTAGA	nan	0.7170686058500053	0.8731040957304399	full	1	NC	nan
158	NA	NA	ref_0004	NA	TAGAC	nan	0.9315711467658275	0.9913463618415079	full	1	NC	nan
159	NA	NA	ref_0004	NA	AGACA	nan	0.9315711467658275	0.9283139049939192	full	1	NC	nan
160	NA	NA	ref_0004	NA	GACAT	0.9462912941547668	0.9611279889382083	0.9695221198459655	full	2	Modified_rep1:43/12__Modified_rep2:30/15__Unmodified_rep1:39/16__Unmodified_rep2:34/11	-0.02273438200000011
161	NA	NA	ref_0004	NA	ACATA	nan	0.005690906310543182	4.754949668663568e-13	full	1	NC	nan
162	NA	NA	ref_0004	NA	CATAT	nan	4.559778243715553e-08	1.9374148705962615e-05	full	1	NC	nan
163	NA	NA	ref_0004	NA	ATATT	0.005202367722957825	9.950025105401226e-08	9.483264751263437e-24	full	2	Modified_rep1:48/7__Modified_rep2:39/6__Unmodified_rep1:6/49__Unmodified_rep2:6/39	3.632215111
164	NA	NA	ref_0004	NA	TATTC	nan	3.5786353572116465e-09	9.661326921504287e-06	full	1	NC	nan
165	NA	NA	ref_0004	NA	ATTCA	nan	0.005690906310543182	3.969699135315515e-08	full	1	NC	nan
166	NA	NA	ref_0004	NA	TTCAA	nan	0.05289357774608792	0.9283139049939192	full	1	NC	nan
167	NA	NA	ref_0004	NA	TCAAA	nan	0.2821520155678491	1.9374148705962615e-05	full	1	NC	nan
168	NA	NA	ref_0004	NA	CAAAC	nan	6.423856225049844e-05	1.6944676500557287e-16	full	1	NC	nan
169	NA	NA	ref_0004	NA	AAACC	0.008408507865721733	1.1495339549664096e-13	4.467993884912909e-18	full	2	Modified_rep1:51/4__Modified_rep2:41/4__Unmodified_rep1:15/40__Unmodified_rep2:16/29	2.9895024469999996
170	NA	NA	ref_0004	NA	AACCG	nan	2.0781095052306162e-07	4.754949668663568e-13	full	1	NC	nan
171	NA	NA	ref_0004	NA	ACCGC	nan	0.00038887325165334066	2.922098529572009e-09	full	1	NC	nan
172	NA	NA	ref_0004	NA	CCGCT	nan	0.9315711467658275	0.9283139049939192	full	1	NC	nan
173	NA	NA	ref_0004	NA	CGCTA	nan	0.9315711467658275	0.8731040957304399	full	1	NC	nan
174	NA	NA	ref_0004	NA	GCTAC	nan	0.7170686058500053	0.9913463618415079	full	1	NC	nan
175	NA	NA	ref_0004	NA	CTACA	nan	0.9315711467658275	0.8002888548734872	full	1	NC	nan
176	NA	NA	ref_0004	NA	TACAT	nan	0.7170686058500053	0.7193199986470227	full	1	NC	nan
177	NA	NA	ref_0004	NA	ACATT	nan	0.023045442312331223	3.6624439740802105e-12	full	1	NC	nan
178	NA	NA	ref_0004	NA	CATTA	nan	1.6993740039732178e-11	2.7018546698670364e-11	full	1	NC	nan
179	NA	NA	ref_0004	NA	ATTAA	0.005202367722957825	9.950025105401226e-08	5.292388982686124e-25	full	2	Modified_rep1:49/6__Modified_rep2:39/6__Unmodified_rep1:6/49__Unmodified_rep2:5/40	3.7985038070000003
180	NA	NA	ref_0004	NA	TTAAT	nan	0.0012154935477861107	1.9407716122809513e-14	full	1	NC	nan
181	NA	NA	ref_0004	NA	TAATA	nan	0.1150590758108235	1.9443121410949075e-10	full	1	NC	nan
182	NA	NA	ref_0004	NA	AATAT	nan	0.4408987181014762	0.5408859655628487	full	1	NC	nan
183	NA	NA	ref_0004	NA	ATATA	nan	0.07941368913553479	1.9374148705962615e-05	full	1	NC	nan
184	NA	NA	ref_0004	NA	TATAG	nan	1.6993740039732178e-11	0.0026155637953792356	full	1	NC	nan
185	NA	NA	ref_0004	NA	ATAGA	0.028075383539375113	1.1495339549664096e-13	4.819499870243772e-10	full	2	Modified_rep1:54/1__Modified_rep2:42/3__Unmodified_rep1:27/28__Unmodified_rep2:21/24	2.926008226
186	NA	NA	ref_0004	NA	TAGAG	nan	0.00038887325165334066	1.9374148705962615e-05	full	1	NC	nan
187	NA	NA	ref_0004	NA	AGAGC	nan	0.3580314285503929	0.007523474097064767	full	1	NC	nan
188	NA	NA	ref_0004	NA	GAGCG	nan	0.5345843814980389	0.9695221198459655	full	1	NC	nan
189	NA	NA	ref_0004	NA	AGCGT	nan	0.9611279889382083	0.8002888548734872	full	1	NC	nan
190	NA	NA	ref_0004	NA	GCGTG	nan	0.2821520155678491	0.7193199986470227	full	1	NC	nan
191	NA	NA	ref_0004	NA	CGTGC	nan	0.15922093156123904	0.9913463618415079	full	1	NC	nan
192	NA	NA	ref_0004	NA	GTGCC	nan	0.8151939481590966	0.9695221198459655	full	1	NC	nan
193	NA	NA	ref_0004	NA	TGCCT	nan	0.5345843814980389	0.9283139049939192	full	1	NC	nan
194	NA	NA	ref_0004	NA	GCCTG	nan	0.6305029190222565	0.9695221198459655	full	1	NC	nan
195	NA	NA	ref_0004	NA	CCTGA	nan	0.3580314285503929	0.7193199986470227	full	1	NC	nan
